{
    "809614681551802400": {
        "created_at": "Fri Dec 16 04:22:36 +0000 2016",
        "id": 809614681551802400,
        "id_str": "809614681551802368",
        "text": "RT @mldauber: At the symposium on sexual assault with @sharonstone and @TVAshleigh  hearing @RepSpeier discuss #emilydoe @RecallPersky @the…",
        "truncated": false,
        "entities": {
            "hashtags": [
                {
                    "text": "emilydoe",
                    "indices": [
                        111,
                        120
                    ]
                }
            ],
            "symbols": [],
            "user_mentions": [
                {
                    "screen_name": "mldauber",
                    "name": "Michele Dauber",
                    "id": 141459742,
                    "id_str": "141459742",
                    "indices": [
                        3,
                        12
                    ]
                },
                {
                    "screen_name": "sharonstone",
                    "name": "Sharon Stone",
                    "id": 1949906586,
                    "id_str": "1949906586",
                    "indices": [
                        54,
                        66
                    ]
                },
                {
                    "screen_name": "TVAshleigh",
                    "name": "Ashleigh Banfield",
                    "id": 299790272,
                    "id_str": "299790272",
                    "indices": [
                        71,
                        82
                    ]
                },
                {
                    "screen_name": "RepSpeier",
                    "name": "Jackie Speier",
                    "id": 24913074,
                    "id_str": "24913074",
                    "indices": [
                        92,
                        102
                    ]
                },
                {
                    "screen_name": "RecallPersky",
                    "name": "Recall Persky",
                    "id": 739304723363172400,
                    "id_str": "739304723363172352",
                    "indices": [
                        121,
                        134
                    ]
                }
            ],
            "urls": []
        },
        "metadata": {
            "iso_language_code": "en",
            "result_type": "recent"
        },
        "source": "<a href=\"http://twitter.com\" rel=\"nofollow\">Twitter Web Client</a>",
        "in_reply_to_status_id": null,
        "in_reply_to_status_id_str": null,
        "in_reply_to_user_id": null,
        "in_reply_to_user_id_str": null,
        "in_reply_to_screen_name": null,
        "user": {
            "id": 1934542747,
            "id_str": "1934542747",
            "name": "Thomas",
            "screen_name": "ThomasGugler",
            "location": "",
            "description": "",
            "url": null,
            "entities": {
                "description": {
                    "urls": []
                }
            },
            "protected": false,
            "followers_count": 13,
            "friends_count": 55,
            "listed_count": 0,
            "created_at": "Fri Oct 04 14:58:02 +0000 2013",
            "favourites_count": 112,
            "utc_offset": 3600,
            "time_zone": "Vienna",
            "geo_enabled": true,
            "verified": false,
            "statuses_count": 415,
            "lang": "de",
            "contributors_enabled": false,
            "is_translator": false,
            "is_translation_enabled": false,
            "profile_background_color": "C0DEED",
            "profile_background_image_url": "http://abs.twimg.com/images/themes/theme1/bg.png",
            "profile_background_image_url_https": "https://abs.twimg.com/images/themes/theme1/bg.png",
            "profile_background_tile": false,
            "profile_image_url": "http://pbs.twimg.com/profile_images/582820855094214657/5o30nLxB_normal.jpg",
            "profile_image_url_https": "https://pbs.twimg.com/profile_images/582820855094214657/5o30nLxB_normal.jpg",
            "profile_banner_url": "https://pbs.twimg.com/profile_banners/1934542747/1445566951",
            "profile_link_color": "1DA1F2",
            "profile_sidebar_border_color": "C0DEED",
            "profile_sidebar_fill_color": "DDEEF6",
            "profile_text_color": "333333",
            "profile_use_background_image": true,
            "has_extended_profile": false,
            "default_profile": true,
            "default_profile_image": false,
            "following": false,
            "follow_request_sent": false,
            "notifications": false,
            "translator_type": "none"
        },
        "geo": null,
        "coordinates": null,
        "place": null,
        "contributors": null,
        "retweeted_status": {
            "created_at": "Fri Nov 18 18:03:45 +0000 2016",
            "id": 799674470394798100,
            "id_str": "799674470394798080",
            "text": "At the symposium on sexual assault with @sharonstone and @TVAshleigh  hearing @RepSpeier discuss #emilydoe… https://t.co/zB37MVrIrN",
            "truncated": true,
            "entities": {
                "hashtags": [
                    {
                        "text": "emilydoe",
                        "indices": [
                            97,
                            106
                        ]
                    }
                ],
                "symbols": [],
                "user_mentions": [
                    {
                        "screen_name": "sharonstone",
                        "name": "Sharon Stone",
                        "id": 1949906586,
                        "id_str": "1949906586",
                        "indices": [
                            40,
                            52
                        ]
                    },
                    {
                        "screen_name": "TVAshleigh",
                        "name": "Ashleigh Banfield",
                        "id": 299790272,
                        "id_str": "299790272",
                        "indices": [
                            57,
                            68
                        ]
                    },
                    {
                        "screen_name": "RepSpeier",
                        "name": "Jackie Speier",
                        "id": 24913074,
                        "id_str": "24913074",
                        "indices": [
                            78,
                            88
                        ]
                    }
                ],
                "urls": [
                    {
                        "url": "https://t.co/zB37MVrIrN",
                        "expanded_url": "https://twitter.com/i/web/status/799674470394798080",
                        "display_url": "twitter.com/i/web/status/7…",
                        "indices": [
                            108,
                            131
                        ]
                    }
                ]
            },
            "metadata": {
                "iso_language_code": "en",
                "result_type": "recent"
            },
            "source": "<a href=\"http://twitter.com/download/iphone\" rel=\"nofollow\">Twitter for iPhone</a>",
            "in_reply_to_status_id": null,
            "in_reply_to_status_id_str": null,
            "in_reply_to_user_id": null,
            "in_reply_to_user_id_str": null,
            "in_reply_to_screen_name": null,
            "user": {
                "id": 141459742,
                "id_str": "141459742",
                "name": "Michele Dauber",
                "screen_name": "mldauber",
                "location": "",
                "description": "",
                "url": null,
                "entities": {
                    "description": {
                        "urls": []
                    }
                },
                "protected": false,
                "followers_count": 3717,
                "friends_count": 193,
                "listed_count": 29,
                "created_at": "Sat May 08 04:32:42 +0000 2010",
                "favourites_count": 1008,
                "utc_offset": null,
                "time_zone": null,
                "geo_enabled": true,
                "verified": false,
                "statuses_count": 1756,
                "lang": "en",
                "contributors_enabled": false,
                "is_translator": false,
                "is_translation_enabled": false,
                "profile_background_color": "C0DEED",
                "profile_background_image_url": "http://abs.twimg.com/images/themes/theme1/bg.png",
                "profile_background_image_url_https": "https://abs.twimg.com/images/themes/theme1/bg.png",
                "profile_background_tile": false,
                "profile_image_url": "http://pbs.twimg.com/profile_images/740453501650751489/RfsqB7nG_normal.jpg",
                "profile_image_url_https": "https://pbs.twimg.com/profile_images/740453501650751489/RfsqB7nG_normal.jpg",
                "profile_link_color": "1DA1F2",
                "profile_sidebar_border_color": "C0DEED",
                "profile_sidebar_fill_color": "DDEEF6",
                "profile_text_color": "333333",
                "profile_use_background_image": true,
                "has_extended_profile": false,
                "default_profile": true,
                "default_profile_image": false,
                "following": false,
                "follow_request_sent": false,
                "notifications": false,
                "translator_type": "none"
            },
            "geo": null,
            "coordinates": null,
            "place": null,
            "contributors": null,
            "is_quote_status": false,
            "retweet_count": 21,
            "favorite_count": 56,
            "favorited": false,
            "retweeted": false,
            "possibly_sensitive": false,
            "lang": "en"
        },
        "is_quote_status": false,
        "retweet_count": 21,
        "favorite_count": 0,
        "favorited": false,
        "retweeted": false,
        "lang": "en"
    },
    "808458432915324900": {
        "created_at": "Mon Dec 12 23:48:05 +0000 2016",
        "id": 808458432915324900,
        "id_str": "808458432915324928",
        "text": "RT @NOMOREorg: \"When my letter was published, no one turned away.\" Incredible piece by #EmilyDoe, @glamourmag's Woman of the Year: https://…",
        "truncated": false,
        "entities": {
            "hashtags": [
                {
                    "text": "EmilyDoe",
                    "indices": [
                        87,
                        96
                    ]
                }
            ],
            "symbols": [],
            "user_mentions": [
                {
                    "screen_name": "NOMOREorg",
                    "name": "NO MORE",
                    "id": 506038952,
                    "id_str": "506038952",
                    "indices": [
                        3,
                        13
                    ]
                },
                {
                    "screen_name": "glamourmag",
                    "name": "Glamour",
                    "id": 19247844,
                    "id_str": "19247844",
                    "indices": [
                        98,
                        109
                    ]
                }
            ],
            "urls": []
        },
        "metadata": {
            "iso_language_code": "en",
            "result_type": "recent"
        },
        "source": "<a href=\"http://twitter.com\" rel=\"nofollow\">Twitter Web Client</a>",
        "in_reply_to_status_id": null,
        "in_reply_to_status_id_str": null,
        "in_reply_to_user_id": null,
        "in_reply_to_user_id_str": null,
        "in_reply_to_screen_name": null,
        "user": {
            "id": 289573362,
            "id_str": "289573362",
            "name": "Rhonda Flanagan",
            "screen_name": "RhondaArtdesign",
            "location": "",
            "description": "dreams writes bleeds across the page photographing the rest",
            "url": null,
            "entities": {
                "description": {
                    "urls": []
                }
            },
            "protected": false,
            "followers_count": 520,
            "friends_count": 15,
            "listed_count": 481,
            "created_at": "Thu Apr 28 21:51:37 +0000 2011",
            "favourites_count": 810,
            "utc_offset": -18000,
            "time_zone": "Eastern Time (US & Canada)",
            "geo_enabled": true,
            "verified": false,
            "statuses_count": 28175,
            "lang": "en",
            "contributors_enabled": false,
            "is_translator": false,
            "is_translation_enabled": false,
            "profile_background_color": "535F6B",
            "profile_background_image_url": "http://pbs.twimg.com/profile_background_images/703620559850999809/RZihk8ZS.jpg",
            "profile_background_image_url_https": "https://pbs.twimg.com/profile_background_images/703620559850999809/RZihk8ZS.jpg",
            "profile_background_tile": false,
            "profile_image_url": "http://pbs.twimg.com/profile_images/595311927833731072/uId9ks1a_normal.jpg",
            "profile_image_url_https": "https://pbs.twimg.com/profile_images/595311927833731072/uId9ks1a_normal.jpg",
            "profile_banner_url": "https://pbs.twimg.com/profile_banners/289573362/1481940402",
            "profile_link_color": "336699",
            "profile_sidebar_border_color": "000000",
            "profile_sidebar_fill_color": "2D2638",
            "profile_text_color": "E9E6ED",
            "profile_use_background_image": false,
            "has_extended_profile": false,
            "default_profile": false,
            "default_profile_image": false,
            "following": false,
            "follow_request_sent": false,
            "notifications": false,
            "translator_type": "none"
        },
        "geo": null,
        "coordinates": null,
        "place": null,
        "contributors": null,
        "retweeted_status": {
            "created_at": "Wed Nov 02 13:40:19 +0000 2016",
            "id": 793809966935212000,
            "id_str": "793809966935212032",
            "text": "\"When my letter was published, no one turned away.\" Incredible piece by #EmilyDoe, @glamourmag's Woman of the Year: https://t.co/nlz7hBeV8J",
            "truncated": false,
            "entities": {
                "hashtags": [
                    {
                        "text": "EmilyDoe",
                        "indices": [
                            72,
                            81
                        ]
                    }
                ],
                "symbols": [],
                "user_mentions": [
                    {
                        "screen_name": "glamourmag",
                        "name": "Glamour",
                        "id": 19247844,
                        "id_str": "19247844",
                        "indices": [
                            83,
                            94
                        ]
                    }
                ],
                "urls": [
                    {
                        "url": "https://t.co/nlz7hBeV8J",
                        "expanded_url": "http://www.glamour.com/story/women-of-the-year-emily-doe",
                        "display_url": "glamour.com/story/women-of…",
                        "indices": [
                            116,
                            139
                        ]
                    }
                ]
            },
            "metadata": {
                "iso_language_code": "en",
                "result_type": "recent"
            },
            "source": "<a href=\"http://twitter.com\" rel=\"nofollow\">Twitter Web Client</a>",
            "in_reply_to_status_id": null,
            "in_reply_to_status_id_str": null,
            "in_reply_to_user_id": null,
            "in_reply_to_user_id_str": null,
            "in_reply_to_screen_name": null,
            "user": {
                "id": 506038952,
                "id_str": "506038952",
                "name": "NO MORE",
                "screen_name": "NOMOREorg",
                "location": "",
                "description": "NO MORE is a national public awareness & engagement campaign focused on ending domestic violence and sexual assault.",
                "url": "http://t.co/6VFdAvB8Wd",
                "entities": {
                    "url": {
                        "urls": [
                            {
                                "url": "http://t.co/6VFdAvB8Wd",
                                "expanded_url": "http://www.nomore.org",
                                "display_url": "nomore.org",
                                "indices": [
                                    0,
                                    22
                                ]
                            }
                        ]
                    },
                    "description": {
                        "urls": []
                    }
                },
                "protected": false,
                "followers_count": 52966,
                "friends_count": 2496,
                "listed_count": 692,
                "created_at": "Mon Feb 27 16:04:57 +0000 2012",
                "favourites_count": 2188,
                "utc_offset": -28800,
                "time_zone": "Pacific Time (US & Canada)",
                "geo_enabled": true,
                "verified": false,
                "statuses_count": 5351,
                "lang": "en",
                "contributors_enabled": false,
                "is_translator": false,
                "is_translation_enabled": false,
                "profile_background_color": "FFFFFF",
                "profile_background_image_url": "http://pbs.twimg.com/profile_background_images/675028743/4be85a6f7ac674200fc3a2dbe208408b.png",
                "profile_background_image_url_https": "https://pbs.twimg.com/profile_background_images/675028743/4be85a6f7ac674200fc3a2dbe208408b.png",
                "profile_background_tile": true,
                "profile_image_url": "http://pbs.twimg.com/profile_images/1860515976/nomore_normal.png",
                "profile_image_url_https": "https://pbs.twimg.com/profile_images/1860515976/nomore_normal.png",
                "profile_banner_url": "https://pbs.twimg.com/profile_banners/506038952/1458825006",
                "profile_link_color": "0084B4",
                "profile_sidebar_border_color": "FFFFFF",
                "profile_sidebar_fill_color": "DDEEF6",
                "profile_text_color": "333333",
                "profile_use_background_image": true,
                "has_extended_profile": false,
                "default_profile": false,
                "default_profile_image": false,
                "following": false,
                "follow_request_sent": false,
                "notifications": false,
                "translator_type": "none"
            },
            "geo": null,
            "coordinates": null,
            "place": null,
            "contributors": null,
            "is_quote_status": false,
            "retweet_count": 110,
            "favorite_count": 164,
            "favorited": false,
            "retweeted": false,
            "possibly_sensitive": false,
            "lang": "en"
        },
        "is_quote_status": false,
        "retweet_count": 110,
        "favorite_count": 0,
        "favorited": false,
        "retweeted": false,
        "lang": "en"
    },
    "807214192658968600": {
        "created_at": "Fri Dec 09 13:23:55 +0000 2016",
        "id": 807214192658968600,
        "id_str": "807214192658968576",
        "text": "RT @WomenAgnstAbuse: The most powerful survivor statement you'll read all year. From @glamourmag #EmilyDoe https://t.co/hbV3EG0oSD https://…",
        "truncated": false,
        "entities": {
            "hashtags": [
                {
                    "text": "EmilyDoe",
                    "indices": [
                        97,
                        106
                    ]
                }
            ],
            "symbols": [],
            "user_mentions": [
                {
                    "screen_name": "WomenAgnstAbuse",
                    "name": "Women Against Abuse",
                    "id": 24925792,
                    "id_str": "24925792",
                    "indices": [
                        3,
                        19
                    ]
                },
                {
                    "screen_name": "glamourmag",
                    "name": "Glamour",
                    "id": 19247844,
                    "id_str": "19247844",
                    "indices": [
                        85,
                        96
                    ]
                }
            ],
            "urls": [
                {
                    "url": "https://t.co/hbV3EG0oSD",
                    "expanded_url": "http://buff.ly/2fa7VKs",
                    "display_url": "buff.ly/2fa7VKs",
                    "indices": [
                        107,
                        130
                    ]
                }
            ]
        },
        "metadata": {
            "iso_language_code": "en",
            "result_type": "recent"
        },
        "source": "<a href=\"https://mobile.twitter.com\" rel=\"nofollow\">Mobile Web (M5)</a>",
        "in_reply_to_status_id": null,
        "in_reply_to_status_id_str": null,
        "in_reply_to_user_id": null,
        "in_reply_to_user_id_str": null,
        "in_reply_to_screen_name": null,
        "user": {
            "id": 3344062823,
            "id_str": "3344062823",
            "name": "Christine Ledoux",
            "screen_name": "ChristineLedou5",
            "location": "Massachusetts, USA",
            "description": "artist working in mixed media\ninspired and assisted by spirit",
            "url": null,
            "entities": {
                "description": {
                    "urls": []
                }
            },
            "protected": false,
            "followers_count": 63,
            "friends_count": 208,
            "listed_count": 1,
            "created_at": "Wed Jun 24 14:08:11 +0000 2015",
            "favourites_count": 37,
            "utc_offset": null,
            "time_zone": null,
            "geo_enabled": true,
            "verified": false,
            "statuses_count": 128,
            "lang": "en",
            "contributors_enabled": false,
            "is_translator": false,
            "is_translation_enabled": false,
            "profile_background_color": "C0DEED",
            "profile_background_image_url": "http://abs.twimg.com/images/themes/theme1/bg.png",
            "profile_background_image_url_https": "https://abs.twimg.com/images/themes/theme1/bg.png",
            "profile_background_tile": false,
            "profile_image_url": "http://pbs.twimg.com/profile_images/613719981646323712/e8MA3sn4_normal.jpg",
            "profile_image_url_https": "https://pbs.twimg.com/profile_images/613719981646323712/e8MA3sn4_normal.jpg",
            "profile_link_color": "1DA1F2",
            "profile_sidebar_border_color": "C0DEED",
            "profile_sidebar_fill_color": "DDEEF6",
            "profile_text_color": "333333",
            "profile_use_background_image": true,
            "has_extended_profile": false,
            "default_profile": true,
            "default_profile_image": false,
            "following": false,
            "follow_request_sent": false,
            "notifications": false,
            "translator_type": "none"
        },
        "geo": null,
        "coordinates": null,
        "place": null,
        "contributors": null,
        "retweeted_status": {
            "created_at": "Sat Nov 19 13:00:10 +0000 2016",
            "id": 799960458903945200,
            "id_str": "799960458903945217",
            "text": "The most powerful survivor statement you'll read all year. From @glamourmag #EmilyDoe https://t.co/hbV3EG0oSD https://t.co/Tjqk0eAmq8",
            "truncated": false,
            "entities": {
                "hashtags": [
                    {
                        "text": "EmilyDoe",
                        "indices": [
                            76,
                            85
                        ]
                    }
                ],
                "symbols": [],
                "user_mentions": [
                    {
                        "screen_name": "glamourmag",
                        "name": "Glamour",
                        "id": 19247844,
                        "id_str": "19247844",
                        "indices": [
                            64,
                            75
                        ]
                    }
                ],
                "urls": [
                    {
                        "url": "https://t.co/hbV3EG0oSD",
                        "expanded_url": "http://buff.ly/2fa7VKs",
                        "display_url": "buff.ly/2fa7VKs",
                        "indices": [
                            86,
                            109
                        ]
                    }
                ],
                "media": [
                    {
                        "id": 799960456882430000,
                        "id_str": "799960456882429952",
                        "indices": [
                            110,
                            133
                        ],
                        "media_url": "http://pbs.twimg.com/media/CxoHzBLWIAAGupL.jpg",
                        "media_url_https": "https://pbs.twimg.com/media/CxoHzBLWIAAGupL.jpg",
                        "url": "https://t.co/Tjqk0eAmq8",
                        "display_url": "pic.twitter.com/Tjqk0eAmq8",
                        "expanded_url": "https://twitter.com/WomenAgnstAbuse/status/799960458903945217/photo/1",
                        "type": "photo",
                        "sizes": {
                            "small": {
                                "w": 680,
                                "h": 386,
                                "resize": "fit"
                            },
                            "medium": {
                                "w": 743,
                                "h": 422,
                                "resize": "fit"
                            },
                            "thumb": {
                                "w": 150,
                                "h": 150,
                                "resize": "crop"
                            },
                            "large": {
                                "w": 743,
                                "h": 422,
                                "resize": "fit"
                            }
                        }
                    }
                ]
            },
            "extended_entities": {
                "media": [
                    {
                        "id": 799960456882430000,
                        "id_str": "799960456882429952",
                        "indices": [
                            110,
                            133
                        ],
                        "media_url": "http://pbs.twimg.com/media/CxoHzBLWIAAGupL.jpg",
                        "media_url_https": "https://pbs.twimg.com/media/CxoHzBLWIAAGupL.jpg",
                        "url": "https://t.co/Tjqk0eAmq8",
                        "display_url": "pic.twitter.com/Tjqk0eAmq8",
                        "expanded_url": "https://twitter.com/WomenAgnstAbuse/status/799960458903945217/photo/1",
                        "type": "photo",
                        "sizes": {
                            "small": {
                                "w": 680,
                                "h": 386,
                                "resize": "fit"
                            },
                            "medium": {
                                "w": 743,
                                "h": 422,
                                "resize": "fit"
                            },
                            "thumb": {
                                "w": 150,
                                "h": 150,
                                "resize": "crop"
                            },
                            "large": {
                                "w": 743,
                                "h": 422,
                                "resize": "fit"
                            }
                        }
                    }
                ]
            },
            "metadata": {
                "iso_language_code": "en",
                "result_type": "recent"
            },
            "source": "<a href=\"http://bufferapp.com\" rel=\"nofollow\">Buffer</a>",
            "in_reply_to_status_id": null,
            "in_reply_to_status_id_str": null,
            "in_reply_to_user_id": null,
            "in_reply_to_user_id_str": null,
            "in_reply_to_screen_name": null,
            "user": {
                "id": 24925792,
                "id_str": "24925792",
                "name": "Women Against Abuse",
                "screen_name": "WomenAgnstAbuse",
                "location": "Philadelphia, PA",
                "description": "Holistic domestic violence agency serving survivors through emergency safe haven, transitional housing, legal services, education and advocacy.",
                "url": "http://t.co/q7oOrfIil3",
                "entities": {
                    "url": {
                        "urls": [
                            {
                                "url": "http://t.co/q7oOrfIil3",
                                "expanded_url": "http://www.womenagainstabuse.org",
                                "display_url": "womenagainstabuse.org",
                                "indices": [
                                    0,
                                    22
                                ]
                            }
                        ]
                    },
                    "description": {
                        "urls": []
                    }
                },
                "protected": false,
                "followers_count": 17830,
                "friends_count": 522,
                "listed_count": 428,
                "created_at": "Tue Mar 17 18:21:42 +0000 2009",
                "favourites_count": 287,
                "utc_offset": -18000,
                "time_zone": "Eastern Time (US & Canada)",
                "geo_enabled": true,
                "verified": false,
                "statuses_count": 3390,
                "lang": "en",
                "contributors_enabled": false,
                "is_translator": false,
                "is_translation_enabled": false,
                "profile_background_color": "9ADBE6",
                "profile_background_image_url": "http://pbs.twimg.com/profile_background_images/378800000124885786/7b54e6380ebd8287d965ad84dbb3e44d.jpeg",
                "profile_background_image_url_https": "https://pbs.twimg.com/profile_background_images/378800000124885786/7b54e6380ebd8287d965ad84dbb3e44d.jpeg",
                "profile_background_tile": true,
                "profile_image_url": "http://pbs.twimg.com/profile_images/668855537702846464/nXA0VMOm_normal.jpg",
                "profile_image_url_https": "https://pbs.twimg.com/profile_images/668855537702846464/nXA0VMOm_normal.jpg",
                "profile_banner_url": "https://pbs.twimg.com/profile_banners/24925792/1480615892",
                "profile_link_color": "0084B4",
                "profile_sidebar_border_color": "FFFFFF",
                "profile_sidebar_fill_color": "CCEDFF",
                "profile_text_color": "333333",
                "profile_use_background_image": true,
                "has_extended_profile": false,
                "default_profile": false,
                "default_profile_image": false,
                "following": false,
                "follow_request_sent": false,
                "notifications": false,
                "translator_type": "none"
            },
            "geo": null,
            "coordinates": null,
            "place": null,
            "contributors": null,
            "is_quote_status": false,
            "retweet_count": 10,
            "favorite_count": 13,
            "favorited": false,
            "retweeted": false,
            "possibly_sensitive": false,
            "lang": "en"
        },
        "is_quote_status": false,
        "retweet_count": 10,
        "favorite_count": 0,
        "favorited": false,
        "retweeted": false,
        "possibly_sensitive": false,
        "lang": "en"
    }
}