"id","user.id","created_at","text","hashtags","user_mentions"
810568893618065400,2433479247,"Sun Dec 18 19:34:18 +0000 2016","Nothing funnier than when people post bitchy tweets, but can't handle it when they get a reaction #askingforit","askingforit",""
810431551301361700,1959378614,"Sun Dec 18 10:28:33 +0000 2016","RT @dscully101: A piece I wrote in response to #AskingForIt, stigma &amp; effects of consent #AskConsent @SAFEIreland @YesNotTheDress \n\nhttps:/…","AskingForIt, AskConsent","dscully101, SAFEIreland, YesNotTheDress"
810415537209671700,46940715,"Sun Dec 18 09:24:55 +0000 2016","RT @dscully101: A piece I wrote in response to #AskingForIt, stigma &amp; effects of consent #AskConsent @SAFEIreland @YesNotTheDress \n\nhttps:/…","AskingForIt, AskConsent","dscully101, SAFEIreland, YesNotTheDress"
810409272089735200,3299905801,"Sun Dec 18 09:00:01 +0000 2016","RT @dscully101: A piece I wrote in response to #AskingForIt, stigma &amp; effects of consent #AskConsent @SAFEIreland @YesNotTheDress \n\nhttps:/…","AskingForIt, AskConsent","dscully101, SAFEIreland, YesNotTheDress"
810408833923301400,726550880,"Sun Dec 18 08:58:17 +0000 2016","@oneilllo just finished #askingforit in one sitting! Important &amp; powerful, should be given out at schools to all… https://t.co/9lCPtLFCz1","askingforit","oneilllo"
810408186247344100,726550880,"Sun Dec 18 08:55:42 +0000 2016","RT @dscully101: A piece I wrote in response to #AskingForIt, stigma &amp; effects of consent #AskConsent @SAFEIreland @YesNotTheDress \n\nhttps:/…","AskingForIt, AskConsent","dscully101, SAFEIreland, YesNotTheDress"
810188880880148500,54008267,"Sat Dec 17 18:24:16 +0000 2016","Seriously! So dangerous! Don't get so close! Be careful!! Don't be a tailgater #askingforit… https://t.co/EHNxZp6WxD","askingforit",""
810152592068251600,714891796476772400,"Sat Dec 17 16:00:04 +0000 2016","@Shinedown #AskingForIt 🔥🔥🔥🔥 https://t.co/edRiv2rqTt","AskingForIt","Shinedown"
810095413806174200,316567941,"Sat Dec 17 12:12:52 +0000 2016","I read #AskingForIt last night. Really fantastic book. https://t.co/YTIe0tgntU","AskingForIt",""
809992220828778500,330941445,"Sat Dec 17 05:22:49 +0000 2016","Went out with wet hair and a huge cup of iced coffee in a 5 deg temperature. Lol #kakagalingmolangsaflu… https://t.co/gOvLtisrEk","kakagalingmolangsaflu",""
809936313491329000,39310006,"Sat Dec 17 01:40:39 +0000 2016","RT @dscully101: A piece I wrote in response to #AskingForIt, stigma &amp; effects of consent #AskConsent @SAFEIreland @YesNotTheDress \n\nhttps:/…","AskingForIt, AskConsent","dscully101, SAFEIreland, YesNotTheDress"
809548672283250700,152551923,"Fri Dec 16 00:00:18 +0000 2016","10 Best Rock Videos of 2016 (via @Loutdwire) #AskingForIt is on the list! @Shinedown https://t.co/vudlAjXeNj","AskingForIt","Shinedown"
809548496822890500,71865957,"Thu Dec 15 23:59:36 +0000 2016","10 Best Rock Videos of 2016 (via @Loutdwire) #AskingForIt is on the list! @Shinedown https://t.co/THF7kfYRPD","AskingForIt","Shinedown"
809509031014436900,605837061,"Thu Dec 15 21:22:47 +0000 2016","@oneilllo just finished #onlyeveryours after #askingforit. Please don't ever stop writing. I've fallen back in love with reading ❤️👏🏻","onlyeveryours, askingforit","oneilllo"
809506081630097400,2439109986,"Thu Dec 15 21:11:04 +0000 2016","I don't think anyone should complain about their car getting broken into if they leave it unlocked everywhere they go #askingforit","askingforit",""
809130136566202400,1239999630,"Wed Dec 14 20:17:12 +0000 2016","A powerful book that is a must read for both men &amp; women @oneilllo #AskingForIt #AskConsent https://t.co/utAHMEC7sO","AskingForIt, AskConsent","oneilllo"
809036697111593000,575207363,"Wed Dec 14 14:05:54 +0000 2016","Words are so important, and #AskingForIt gave me the language I needed to discuss these issues with a wider group @dscully101 @oneilllo","AskingForIt","dscully101, oneilllo"
809035981512998900,575207363,"Wed Dec 14 14:03:03 +0000 2016","Ya, I'm not sure if I had a name for it until I read #AskingForIt , it was the label I needed to express my disgust.. @dscully101 @oneilllo","AskingForIt","dscully101, oneilllo"
809030670840369200,786980590532829200,"Wed Dec 14 13:41:57 +0000 2016","@dottymurf @oneilllo thank you! Yes #AskingForIt was fantastic &amp; so clearly explains the issues, it should be shown in schools #AskConsent","AskingForIt, AskConsent","dottymurf, oneilllo"
808956071624798200,166082490,"Wed Dec 14 08:45:31 +0000 2016","@BeadlesGhost #askingforit https://t.co/rAHWAm2xTj","askingforit","BeadlesGhost"
808842635305750500,30559432,"Wed Dec 14 01:14:46 +0000 2016","RT @Shinedown_Fans: Vote for @Shinedown for Best Rock Video in the 6th Annual Loudwire Music Awards! #AskingForIt\nVote here: https://t.co/a…","AskingForIt","Shinedown_Fans, Shinedown"
808811772752887800,230922358,"Tue Dec 13 23:12:08 +0000 2016","woke up forcing in ATX 😂 #askingforit https://t.co/xALDN9yDby","askingforit",""
808802711890260000,782336840196030500,"Tue Dec 13 22:36:07 +0000 2016","RT @Shinedown_Fans: Vote for @Shinedown for Best Rock Video in the 6th Annual Loudwire Music Awards! #AskingForIt\nVote here: https://t.co/a…","AskingForIt","Shinedown_Fans, Shinedown"
808800369559994400,71865957,"Tue Dec 13 22:26:49 +0000 2016","Vote for @Shinedown for Best Rock Video in the 6th Annual Loudwire Music Awards! #AskingForIt\nVote here: https://t.co/aYkDe0Br4y","AskingForIt","Shinedown"
808800134163116000,152551923,"Tue Dec 13 22:25:53 +0000 2016","Vote for @Shinedown for Best Rock Video in the 6th Annual Loudwire Music Awards! #AskingForIt\nVote here: https://t.co/CafuiUQyD6","AskingForIt","Shinedown"
808785405579497500,130645107,"Tue Dec 13 21:27:21 +0000 2016","RT @dscully101: A piece I wrote in response to #AskingForIt, stigma &amp; effects of consent #AskConsent @SAFEIreland @YesNotTheDress \n\nhttps:/…","AskingForIt, AskConsent","dscully101, SAFEIreland, YesNotTheDress"
808713955254353900,723219395049193500,"Tue Dec 13 16:43:26 +0000 2016","RT @dscully101: A piece I wrote in response to #AskingForIt, stigma &amp; effects of consent #AskConsent @SAFEIreland @YesNotTheDress \n\nhttps:/…","AskingForIt, AskConsent","dscully101, SAFEIreland, YesNotTheDress"
808661290843521000,304112893,"Tue Dec 13 13:14:10 +0000 2016","RT @dscully101: A piece I wrote in response to #AskingForIt, stigma &amp; effects of consent #AskConsent @SAFEIreland @YesNotTheDress \n\nhttps:/…","AskingForIt, AskConsent","dscully101, SAFEIreland, YesNotTheDress"
808641829591781400,786980590532829200,"Tue Dec 13 11:56:50 +0000 2016","A piece I wrote in response to #AskingForIt, stigma &amp; effects of consent #AskConsent @SAFEIreland @YesNotTheDress \n\nhttps://t.co/gckAXAuLxe","AskingForIt, AskConsent","SAFEIreland, YesNotTheDress"
808473824681480200,3207696507,"Tue Dec 13 00:49:15 +0000 2016","#ibelievefaryal because she never and is never #askingforit","ibelievefaryal, askingforit",""
808382185468297200,3702678557,"Mon Dec 12 18:45:06 +0000 2016","RT @ThisHeadStuff: We are not #AskingForIt, and we will be heard.\nA fantastic piece on #consent and @oneilllo's #RTE2 documentary. \n\nhttps:…","AskingForIt, consent, RTE2","ThisHeadStuff, oneilllo"
808362753169752000,3299640201,"Mon Dec 12 17:27:53 +0000 2016","#AskingforIt by @oneilllo has given me the education I didn't realise I was lacking on the issues of rape, sexual assault &amp; consent...1/2","AskingforIt","oneilllo"
808061070111699000,1181663040,"Sun Dec 11 21:29:06 +0000 2016","RT @BoomArtspdx: @TheHeadwaters @mrs_truscott @BoomArtspdx #AskingForIt cancelled this evening. New show added Sunday! Stay warm and safe P…","AskingForIt","BoomArtspdx, TheHeadwaters, mrs_truscott, BoomArtspdx"
808030846645137400,2289982676,"Sun Dec 11 19:29:00 +0000 2016","We are not #AskingForIt and we will be heard.\nA primer on #consent and @oneilllo's #RTE2 documentary… https://t.co/Sn4Yc1sTOI","AskingForIt, consent, RTE2","oneilllo"
807926720254902300,16494321,"Sun Dec 11 12:35:15 +0000 2016","Also never ask Darth Vader to show you how to do the whole force choking thing. #askingforit","askingforit",""
807697545824714800,356924064,"Sat Dec 10 21:24:35 +0000 2016","RT @dscully101: Soo I finally got around to writing a blog &amp; I decided to do a response to @oneilllo's #AskingForIt &amp; stigma in IRE\n\nhttps:…","AskingForIt","dscully101, oneilllo"
807693339554291700,2395131578,"Sat Dec 10 21:07:53 +0000 2016","NEW SHOW ADDED @mrs_truscott in #AskingForIt Sunday 5pm! Tickets available https://t.co/WF5MJ0u3t5 snap 'em up folks!","AskingForIt","mrs_truscott"
807659247043428400,786980590532829200,"Sat Dec 10 18:52:24 +0000 2016","I also wrote about my own experiences in more detail here #AskConsent #AskingForIt #Ireland #stigma \n\nhttps://t.co/WTeByEJ7Dr","AskConsent, AskingForIt, Ireland, stigma",""
807658900216512500,786980590532829200,"Sat Dec 10 18:51:02 +0000 2016","Soo I finally got around to writing a blog &amp; I decided to do a response to @oneilllo's #AskingForIt &amp; stigma in IRE\n\nhttps://t.co/gckAXAuLxe","AskingForIt","oneilllo"
807612111761395700,1945285898,"Sat Dec 10 15:45:06 +0000 2016","Finally got round to #askingforit by @oneilllo Stayed up all night to finish &amp; I'm an emotional wreck now but it's an amazing read.","askingforit","oneilllo"
807546676533600300,155551859,"Sat Dec 10 11:25:05 +0000 2016","@johnharrycomic \n Yeah. Soz for going off like that, but you did tweet ""Good morning"" to me. #askingforit","askingforit","johnharrycomic"
807528582855749600,550568019,"Sat Dec 10 10:13:11 +0000 2016","@LeeWestwick as embarrassed as u were about last night (if we know u), u won't have learned + ul do it again soon #AskingForIt","AskingForIt","LeeWestwick"
807512192937558000,938059226,"Sat Dec 10 09:08:04 +0000 2016","Truth. #shouldergate #askingforit https://t.co/kflUv12t85","shouldergate, askingforit",""
807394438704205800,237795167,"Sat Dec 10 01:20:09 +0000 2016","RT @SamanthaLibreri: Late to the party but just finished your amazing book @oneilllo in two sittings #askingforit","askingforit","SamanthaLibreri, oneilllo"
807379769511723000,618618286,"Sat Dec 10 00:21:52 +0000 2016","@MattxNWest @gye_incognito @stickers66 @CapstheOriginal until that one morning you wake up to find a horses head in your bed... #askingforit","askingforit","MattxNWest, gye_incognito, stickers66, CapstheOriginal"
807355543941746700,45122694,"Fri Dec 09 22:45:36 +0000 2016","Late to the party but just finished your amazing book @oneilllo in two sittings #askingforit","askingforit","oneilllo"
807337118829858800,20405506,"Fri Dec 09 21:32:23 +0000 2016","@KaraVanPark On ""Look at what she was wearing"" territory here. Shaky ground. Oh, dear. #AskingForIt","AskingForIt","KaraVanPark"
807331329004240900,777878545100136400,"Fri Dec 09 21:09:22 +0000 2016","RT @DublinRCC: #16Days It should never matter what someone was wearing - Sex without consent is rape. No-one is ever #AskingForIt drcc.ie…","16Days, AskingForIt","DublinRCC"
807329576259088400,248567310,"Fri Dec 09 21:02:25 +0000 2016","RT @DublinRCC: #16Days It should never matter what someone was wearing - Sex without consent is rape. No-one is ever #AskingForIt drcc.ie…","16Days, AskingForIt","DublinRCC"
807316687997505500,3321296678,"Fri Dec 09 20:11:12 +0000 2016","RT @Theresa_OKeefe: Dublin Rape Crisis Centre operates a national 24-Hour Helpline: 1800 77 88 88 #AskingForIt","AskingForIt","Theresa_OKeefe"
807253657959927800,2516416898,"Fri Dec 09 16:00:44 +0000 2016","RT @riverrunbooks: #AskingforIt one of the best YA books of 2016 by @bustle! tough and raw and powerful and it will slap you wide awake htt…","AskingforIt","riverrunbooks, bustle"
807232752756129800,2491623396,"Fri Dec 09 14:37:40 +0000 2016","RT @DublinRCC: #16Days It should never matter what someone was wearing - Sex without consent is rape. No-one is ever #AskingForIt drcc.ie…","16Days, AskingForIt","DublinRCC"
807230977886060500,393639943,"Fri Dec 09 14:30:37 +0000 2016","RT @DublinRCC: #16Days It should never matter what someone was wearing - Sex without consent is rape. No-one is ever #AskingForIt drcc.ie…","16Days, AskingForIt","DublinRCC"
807230970416037900,2348470760,"Fri Dec 09 14:30:35 +0000 2016","RT @DublinRCC: #16Days It should never matter what someone was wearing - Sex without consent is rape. No-one is ever #AskingForIt drcc.ie…","16Days, AskingForIt","DublinRCC"
807230735115571200,293450513,"Fri Dec 09 14:29:39 +0000 2016","#16Days It should never matter what someone was wearing - Sex without consent is rape. No-one is ever #AskingForIt… https://t.co/0FvC6Nb2zd","16Days, AskingForIt",""
807199278703714300,1480774064,"Fri Dec 09 12:24:39 +0000 2016",".\n天使からありがたいお言葉を頂戴したんやけど絵が悪意ありすぎワロタ🏄\n#youareasshole \n#askingforit https://t.co/ePni4tunBa","youareasshole, askingforit",""
807135333188075500,1488541488,"Fri Dec 09 08:10:33 +0000 2016","RT @DublinRCC: #16Days It should never matter what someone was wearing - Sex without consent is rape. No-one is ever #AskingForIt drcc.ie…","16Days, AskingForIt","DublinRCC"