"id","user.id","created_at","text","hashtags","user_mentions"
809996879685681200,330451458,"Sat Dec 17 05:41:19 +0000 2016","RT @SurvivorLENS: Join me tomorrow to celebrate and honor the survivors at @OPSSeattle! #ListenToSurvivors #ArtHeals 12/17 1-5pm https://t.…","ListenToSurvivors, ArtHeals","SurvivorLENS, OPSSeattle"
809958015088656400,858993913,"Sat Dec 17 03:06:53 +0000 2016","@CSEInstitute Kicks off Blog Series, “Survivor Voices” with @SurvivorLENS #listentosurvivors https://t.co/qO5TdJL1n5","listentosurvivors","CSEInstitute, SurvivorLENS"
809956533106802700,3683221274,"Sat Dec 17 03:01:00 +0000 2016","Join me tomorrow to celebrate and honor the survivors at @OPSSeattle! #ListenToSurvivors #ArtHeals 12/17 1-5pm… https://t.co/qaZ8ZiFxXt","ListenToSurvivors, ArtHeals","OPSSeattle"
809892784148742100,374823636,"Fri Dec 16 22:47:41 +0000 2016","RT @CATWIntl: .@newyorkcity must remove Strip Club Ads on its Yellow Cabs @tainabienaime #ListenToSurvivors @SPACEintl @HuffPostNY https://…","ListenToSurvivors","CATWIntl, newyorkcity, tainabienaime, SPACEintl, HuffPostNY"
809892579588374500,330451458,"Fri Dec 16 22:46:52 +0000 2016",".@newyorkcity must remove Strip Club Ads on its Yellow Cabs @tainabienaime #ListenToSurvivors @SPACEintl @HuffPostNY https://t.co/fxLsL5B4LY","ListenToSurvivors","newyorkcity, tainabienaime, SPACEintl, HuffPostNY"
809482602339893200,587826351,"Thu Dec 15 19:37:46 +0000 2016","History of rape culture is a colonial history, so why don't we look at it that way in the present?… https://t.co/rLgJjQ9oW5","",""
809195486188081200,27687024,"Thu Dec 15 00:36:52 +0000 2016","RT @rights4girls: We must #ListentoSurvivors of gender-based violence. #Rights4Girls https://t.co/edP7Tso7S8","ListentoSurvivors, Rights4Girls","rights4girls"
809194725551067100,787005923684343800,"Thu Dec 15 00:33:51 +0000 2016","RT @rights4girls: We must #ListentoSurvivors of gender-based violence. #Rights4Girls https://t.co/edP7Tso7S8","ListentoSurvivors, Rights4Girls","rights4girls"
809194096338178000,2492433756,"Thu Dec 15 00:31:21 +0000 2016","RT @rights4girls: We must #ListentoSurvivors of gender-based violence. #Rights4Girls https://t.co/edP7Tso7S8","ListentoSurvivors, Rights4Girls","rights4girls"
808763538466545700,193332590,"Tue Dec 13 20:00:28 +0000 2016","RT @rights4girls: We cannot accept a culture that condones the commodification of women &amp; girls. #ListenToSurvivors #OldestOppression https…","ListenToSurvivors, OldestOppression","rights4girls"
808763390042767400,551318504,"Tue Dec 13 19:59:52 +0000 2016","RT @rights4girls: We cannot accept a culture that condones the commodification of women &amp; girls. #ListenToSurvivors #OldestOppression https…","ListenToSurvivors, OldestOppression","rights4girls"
808700545166929900,551318504,"Tue Dec 13 15:50:09 +0000 2016","#listentosurvivors #sextrafficking https://t.co/mdZx2VAocM","listentosurvivors, sextrafficking",""
808238560130179100,4716770275,"Mon Dec 12 09:14:23 +0000 2016","P.S. No such thing as a domesticviolence professional. Experts are: #Survivors #listentosurvivors… https://t.co/Zh2g0i2kUV","Survivors, listentosurvivors",""
808030214316064800,1571272098,"Sun Dec 11 19:26:30 +0000 2016","RT @Abolition2014: ""Sexuelle Gewalt hat oft ein Preisschild"" #freierimfokus #listentosurvivors https://t.co/5m51A08cHU … @RachelRMoran","freierimfokus, listentosurvivors","Abolition2014, RachelRMoran"
807862761300590600,2893438293,"Sun Dec 11 08:21:06 +0000 2016","RT @Abolition2014: ""Sexuelle Gewalt hat oft ein Preisschild"" #freierimfokus #listentosurvivors https://t.co/5m51A08cHU … @RachelRMoran","freierimfokus, listentosurvivors","Abolition2014, RachelRMoran"
807710693491359700,2502614640,"Sat Dec 10 22:16:50 +0000 2016","RT @Abolition2014: ""Sexuelle Gewalt hat oft ein Preisschild"" #freierimfokus #listentosurvivors https://t.co/5m51A08cHU … @RachelRMoran","freierimfokus, listentosurvivors","Abolition2014, RachelRMoran"
807706710802477000,2445617246,"Sat Dec 10 22:01:00 +0000 2016","""Sexuelle Gewalt hat oft ein Preisschild"" #freierimfokus #listentosurvivors https://t.co/5m51A08cHU … @RachelRMoran","freierimfokus, listentosurvivors","RachelRMoran"
807680932954128400,235739556,"Sat Dec 10 20:18:35 +0000 2016","RT @Abolition2014: Freier wollen Zwangsprostituierte #freierimfokus https://t.co/4UgucUBxBT … @HuschkeMau #listentosurvivors","freierimfokus, listentosurvivors","Abolition2014, HuschkeMau"
807676268330291200,2445617246,"Sat Dec 10 20:00:02 +0000 2016","""Diese Männer haben mich zur Prostituierten gemacht."" #freiermfokus https://t.co/cmnDlZEuiM … @hicherrosen #listentosurvivors","freiermfokus, listentosurvivors","hicherrosen"
807668711133876200,2445617246,"Sat Dec 10 19:30:01 +0000 2016","Sexkäufer „sind respektlos, rücksichtlos und sadistisch.“ #freierimfokus https://t.co/65ihT9KKc5 … @ZoraRot1 #listentosurvivors","freierimfokus, listentosurvivors",""
807646063448518700,2445617246,"Sat Dec 10 18:00:01 +0000 2016","""Sexkäufer überschreiten Grenzen, weil sie es können"" #freierimfokus https://t.co/CTYa8Zu3jk … @TanjaRahm #listentosurvivors","freierimfokus, listentosurvivors","TanjaRahm"
807639344794124300,2893438293,"Sat Dec 10 17:33:19 +0000 2016","RT @Abolition2014: ""Freier sind Frauenhasser"" #freierimfokus @HuschkeMau #listentosurvivors https://t.co/4UgucUBxBT","freierimfokus, listentosurvivors","Abolition2014, HuschkeMau"
807638938068189200,53089163,"Sat Dec 10 17:31:42 +0000 2016","RT @Abolition2014: ""Freier sind Frauenhasser"" #freierimfokus @HuschkeMau #listentosurvivors https://t.co/4UgucUBxBT","freierimfokus, listentosurvivors","Abolition2014, HuschkeMau"
807638513235546100,2445617246,"Sat Dec 10 17:30:01 +0000 2016","""Freier sind Frauenhasser"" #freierimfokus @HuschkeMau #listentosurvivors https://t.co/4UgucUBxBT","freierimfokus, listentosurvivors","HuschkeMau"
807636324022882300,3104125175,"Sat Dec 10 17:21:19 +0000 2016","RT @Abolition2014: ""Freier lieben es, Frauen zu quälen"" #freierimfokus @HuschkeMau #listentosurvivors https://t.co/4UgucUBxBT …","freierimfokus, listentosurvivors","Abolition2014, HuschkeMau"
807633885429461000,329975688,"Sat Dec 10 17:11:38 +0000 2016","RT @Abolition2014: ""Freier lieben es, Frauen zu quälen"" #freierimfokus @HuschkeMau #listentosurvivors https://t.co/4UgucUBxBT …","freierimfokus, listentosurvivors","Abolition2014, HuschkeMau"
807631194900729900,2893438293,"Sat Dec 10 17:00:56 +0000 2016","RT @Abolition2014: ""Freier lieben es, Frauen zu quälen"" #freierimfokus @HuschkeMau #listentosurvivors https://t.co/4UgucUBxBT …","freierimfokus, listentosurvivors","Abolition2014, HuschkeMau"
807630963429634000,2445617246,"Sat Dec 10 17:00:01 +0000 2016","""Freier lieben es, Frauen zu quälen"" #freierimfokus @HuschkeMau #listentosurvivors https://t.co/4UgucUBxBT …","freierimfokus, listentosurvivors","HuschkeMau"
807626157407359000,2893438293,"Sat Dec 10 16:40:55 +0000 2016","RT @Abolition2014: Freier wollen Zwangsprostituierte #freierimfokus https://t.co/4UgucUBxBT … @HuschkeMau #listentosurvivors","freierimfokus, listentosurvivors","Abolition2014, HuschkeMau"
807625929337946100,2445617246,"Sat Dec 10 16:40:01 +0000 2016","Freier wollen Zwangsprostituierte #freierimfokus https://t.co/4UgucUBxBT … @HuschkeMau #listentosurvivors","freierimfokus, listentosurvivors","HuschkeMau"
807623990088872000,887465203,"Sat Dec 10 16:32:18 +0000 2016","RT @Abolition2014: Sexkauf degradiert den Wert aller Frauen. #freierimfokus https://t.co/L92LSVnnQf … @TanjaRahm #listentosurvivors","freierimfokus, listentosurvivors","Abolition2014, TanjaRahm"
807620896600952800,2445617246,"Sat Dec 10 16:20:01 +0000 2016","""Freier lieben es an die Grenzen des Ertragbaren zu gehen"" @HuschkeMau #freierimfokus https://t.co/4UgucUBxBT … #listentosurvivors","freierimfokus, listentosurvivors","HuschkeMau"
807607055272050700,2445617246,"Sat Dec 10 15:25:01 +0000 2016","Alles, was Prostituenten wollten, war mich anal zu foltern #freierimfokus https://t.co/j5yBww45KA … @RebeccaMott1 #listentosurvivors","freierimfokus, listentosurvivors","RebeccaMott1"
807604387564716000,81718972,"Sat Dec 10 15:14:25 +0000 2016","RT @rights4girls: We cannot accept a culture that condones the commodification of women &amp; girls. #ListenToSurvivors #OldestOppression https…","ListenToSurvivors, OldestOppression","rights4girls"
807603368998895600,393236421,"Sat Dec 10 15:10:22 +0000 2016","RT @Abolition2014: Sexkauf degradiert den Wert aller Frauen. #freierimfokus https://t.co/L92LSVnnQf … @TanjaRahm #listentosurvivors","freierimfokus, listentosurvivors","Abolition2014, TanjaRahm"
807598657663107100,235739556,"Sat Dec 10 14:51:39 +0000 2016","RT @Abolition2014: Sexkauf degradiert den Wert aller Frauen. #freierimfokus https://t.co/L92LSVnnQf … @TanjaRahm #listentosurvivors","freierimfokus, listentosurvivors","Abolition2014, TanjaRahm"
807590731082764300,607386123,"Sat Dec 10 14:20:09 +0000 2016","RT @Abolition2014: Sexkauf degradiert den Wert aller Frauen. #freierimfokus https://t.co/L92LSVnnQf … @TanjaRahm #listentosurvivors","freierimfokus, listentosurvivors","Abolition2014, TanjaRahm"
807589794331185200,2893438293,"Sat Dec 10 14:16:25 +0000 2016","RT @Abolition2014: Sexkauf degradiert den Wert aller Frauen. #freierimfokus https://t.co/L92LSVnnQf … @TanjaRahm #listentosurvivors","freierimfokus, listentosurvivors","Abolition2014, TanjaRahm"
807589439686017000,2445617246,"Sat Dec 10 14:15:01 +0000 2016","Sexkauf degradiert den Wert aller Frauen. #freierimfokus https://t.co/L92LSVnnQf … @TanjaRahm #listentosurvivors","freierimfokus, listentosurvivors","TanjaRahm"