"id","user.id","created_at","text","hashtags","user_mentions"
809941178732965900,2383119960,"Sat Dec 17 01:59:59 +0000 2016","RT @CSRA_prsn: #RapeCultureIsWhen women gang rape an athlete and not one woman who calls herself a feminist is condemning it. https://t.co/…","RapeCultureIsWhen","CSRA_prsn"
809938977163776000,25178951,"Sat Dec 17 01:51:14 +0000 2016","#RapeCultureIsWhen women gang rape an athlete and not one woman who calls herself a feminist is condemning it. https://t.co/uPboBjViU2","RapeCultureIsWhen",""
809569780042711000,743917645045571600,"Fri Dec 16 01:24:11 +0000 2016","#RapeCultureIsWhen One of our followers sent us this screenshot of a man basically outing himself as a sex... https://t.co/bgoKc7FTaJ","RapeCultureIsWhen",""
809007224542687200,2811544967,"Wed Dec 14 12:08:47 +0000 2016","#rapeculture #rapecultureiswhen #misogyny... - #CharlotteFarhan | # rapeculture #... https://t.co/aFcnMWtMPz https://t.co/XYUC1yz7k4","rapeculture, rapecultureiswhen, misogyny, CharlotteFarhan",""
809004955541655600,301134298,"Wed Dec 14 11:59:46 +0000 2016","#rapeculture #rapecultureiswhen #misogyny #sexism #whywomendontreport #trump https://t.co/TXZCgzrmcE","rapeculture, rapecultureiswhen, misogyny, sexism, whywomendontreport, trump",""
808749514983030800,99379216,"Tue Dec 13 19:04:44 +0000 2016","RT @miemiiiek: #WhyIStayed \n#rapecultureiswhen #YesAllWomen \n考えなければならないこと多すぎて頭パンクする https://t.co/4nuW1HofUC","WhyIStayed, rapecultureiswhen, YesAllWomen","miemiiiek"
808702748447359000,743917645045571600,"Tue Dec 13 15:58:54 +0000 2016","#RapeCultureIsWhen https://t.co/4vDkGdq2jS","RapeCultureIsWhen",""
807962500616650800,494362312,"Sun Dec 11 14:57:26 +0000 2016","RT @KatePow3ll: This makes me feel physically sick. 😷😰 #YesAllWomen #RapeCultureIsWhen http://t.co/rfMrnfHdBz","YesAllWomen, RapeCultureIsWhen","KatePow3ll"
807723210217132000,339569567,"Sat Dec 10 23:06:34 +0000 2016","#rapecultureiswhen they transfer said rapist to another store to cover up the fact that everyone in the store knows he's a rapist","rapecultureiswhen",""
807722959729086500,339569567,"Sat Dec 10 23:05:35 +0000 2016","#rapecultureiswhen Whole Foods Market keeps a rapist employed even after being told multiple times by women that they don't feel safe","rapecultureiswhen",""
807662485922873300,3044684752,"Sat Dec 10 19:05:16 +0000 2016","How Should We Talk About Sexual Assault? Read more on RUBY. https://t.co/Yw4tV9zNLP #sexualassault #assaultsupport… https://t.co/P9BYErdAmq","sexualassault, assaultsupport",""
807408399923064800,792647014320181200,"Sat Dec 10 02:15:38 +0000 2016","'Rape victims should not have abortions.' This angers me. #RapeCultureIsWhen #YesAllWomen #ToTheGirls  https://t.co/pkmlxmLPKb via @theage","RapeCultureIsWhen, YesAllWomen, ToTheGirls","theage"
807371208845066200,743917645045571600,"Fri Dec 09 23:47:51 +0000 2016","😡😡😡😡 #RapeCultureIsWhen https://t.co/y6Yt6dk343","RapeCultureIsWhen",""
807247454470975500,507551172,"Fri Dec 09 15:36:05 +0000 2016","#WhyIStayed \n#rapecultureiswhen #YesAllWomen \n考えなければならないこと多すぎて頭パンクする https://t.co/4nuW1HofUC","WhyIStayed, rapecultureiswhen, YesAllWomen",""
807062876091482100,827324983,"Fri Dec 09 03:22:38 +0000 2016","RT @GoddessKerriLyn: #RapeCultureIsWhen rapists STILL blame the victim. 2016. https://t.co/FqWgTVgovQ","RapeCultureIsWhen","GoddessKerriLyn"