"id","user.id","created_at","text","hashtags","user_mentions"
810352435650760700,3148345339,"Sun Dec 18 05:14:10 +0000 2016","RT @DebbiekayEllis: #thehuntingground https://t.co/BVjfSrQQq8","thehuntingground","DebbiekayEllis"
810297162735173600,191551066,"Sun Dec 18 01:34:32 +0000 2016","I applauded the survivors from #thehuntingground for tellling their stories &amp; taking action. Now, 100 institutions are under investigation.","thehuntingground",""
810296329641623600,191551066,"Sun Dec 18 01:31:14 +0000 2016","Watching the documentary #thehuntingground about the prevalence of sexual assault on #college campuses, and I feel sick to my stomach.","thehuntingground, college",""
810235940585119700,2614219132,"Sat Dec 17 21:31:16 +0000 2016","#thehuntingground https://t.co/BVjfSrQQq8","thehuntingground",""
810223112822358000,373172752,"Sat Dec 17 20:40:17 +0000 2016","@BleacherReport #TheHuntingGround","TheHuntingGround","BleacherReport"
810213308670365700,860554158,"Sat Dec 17 20:01:20 +0000 2016","RT @DIVERGENOW: @avonfoundation launches plan to help colleges address and prevent #SexualAssault #1in5 #TheHuntingGround #diverge\n\nhttps:/…","SexualAssault, 1in5, TheHuntingGround, diverge","DIVERGENOW, avonfoundation"
810213193532473300,860554158,"Sat Dec 17 20:00:53 +0000 2016","RT @DIVERGENOW: @Avon Foundation launches plan to help colleges address and prevent #SexualAssault #1in5 #TheHuntingGround #diverge\nhttps:/…","SexualAssault, 1in5, TheHuntingGround, diverge","DIVERGENOW, avon"
810150868305596400,2409271154,"Sat Dec 17 15:53:13 +0000 2016","#TheHuntingGround needs to be seen. And something needs to be done. No more rape culture. Accountability... Where the fuck is it","TheHuntingGround",""
809973458029383700,780906751705034800,"Sat Dec 17 04:08:15 +0000 2016","Now playing on MaxMusicMix Hits: Lady Gaga Til It Happens To You (Ray Rhodes Radio Edit)  #ladygaga #remix #thehuntingground","ladygaga, remix, thehuntingground",""
809940256963383300,15918195,"Sat Dec 17 01:56:19 +0000 2016","This is what #Gophers don't get. If they did, they'd disavow teammates' actions. #TheHuntingGround https://t.co/pNBEG741dZ","Gophers, TheHuntingGround",""
809939364369285100,15918195,"Sat Dec 17 01:52:47 +0000 2016","This is #rapeculture. #TheHuntingGround #gophers https://t.co/HRu2nwjYVE","rapeculture, TheHuntingGround, gophers",""
809899410180153300,15918195,"Fri Dec 16 23:14:01 +0000 2016","Not sorry ladies, sorry humans. Bcs this dehumanizing treatment of one woman affects us all. #Gophers… https://t.co/irDLhnRnR7","Gophers",""
809899019682140200,15918195,"Fri Dec 16 23:12:28 +0000 2016","Or you. Til it happens to you. @ladygaga @Lgildy #TheHuntingGround","TheHuntingGround","ladygaga, Lgildy"
809891485948805100,2225051,"Fri Dec 16 22:42:31 +0000 2016","Not understanding why college rape and assault are so prevelent? #TheHuntingGround is a MUST watch: https://t.co/TBG8QA8OqM  #WeHadENough","TheHuntingGround, WeHadENough",""
809886190149177300,799411448086724600,"Fri Dec 16 22:21:29 +0000 2016","RT @rgfeal: ""They don’t recognize that women on campuses face an epidemic of sexual crime...""  #TheHuntingGround https://t.co/lGWWFUO2xS","TheHuntingGround","rgfeal"
809874200911609900,15918195,"Fri Dec 16 21:33:50 +0000 2016","""They don’t recognize that women on campuses face an epidemic of sexual crime...""  #TheHuntingGround https://t.co/lGWWFUO2xS","TheHuntingGround",""
809873782114545700,1654276650,"Fri Dec 16 21:32:11 +0000 2016","RT @rgfeal: The  #Gophers involved deserve harsh punishment. Woman was treated inhumanely. Makes me sick. #TheHuntingGround https://t.co/lX…","Gophers, TheHuntingGround","rgfeal"
809870343146008600,529089200,"Fri Dec 16 21:18:31 +0000 2016","RT @rgfeal: Read the report. That is all. It's not about football. It's about human decency 101. #Gophers #TheHuntingGround https://t.co/lX…","Gophers, TheHuntingGround","rgfeal"
809870165974417400,15918195,"Fri Dec 16 21:17:48 +0000 2016","Read the report. That is all. It's not about football. It's about human decency 101. #Gophers #TheHuntingGround https://t.co/lXreNqUH7q","Gophers, TheHuntingGround",""
809863163848065000,15918195,"Fri Dec 16 20:49:59 +0000 2016","The  #Gophers involved deserve harsh punishment. Woman was treated inhumanely. Makes me sick. #TheHuntingGround https://t.co/lXreNqUH7q","Gophers, TheHuntingGround",""
809853352955756500,15918195,"Fri Dec 16 20:11:00 +0000 2016","Dear @ricardo_harris, I won't respond to yr tweets until you read Title IX statutes and see #TheHuntingGround. Men must inform themselves.","TheHuntingGround","ricardo_harris"
809842251534921700,755886415863504900,"Fri Dec 16 19:26:53 +0000 2016","End Misogynist-violence Dalhousie stmt 2014-16. US-Can Universities STILL FAILING #thehuntingground @endrapeoncampus https://t.co/vozR69SdP3","thehuntingground","endrapeoncampus"
809821188415483900,15918195,"Fri Dec 16 18:03:11 +0000 2016","@ricardo_harris TEN football players standing on line, joking, taking turns with a drunk woman, etc? Please. See #TheHuntingGround.","TheHuntingGround","ricardo_harris"
809820902938542100,760461029302079500,"Fri Dec 16 18:02:03 +0000 2016","Inspired by having seen #TheHuntingGround on #Netflix. I recommend everyone watches it because it addresses an impo… https://t.co/nxAEtcdR41","TheHuntingGround, Netflix",""
809820818465321000,2733759094,"Fri Dec 16 18:01:43 +0000 2016","RT @rgfeal: @ricardo_harris Have you seen #TheHuntingGround? Get back to me when you do, please, if you really want to ask me questions to…","TheHuntingGround","rgfeal, ricardo_harris"
809820461660074000,15918195,"Fri Dec 16 18:00:18 +0000 2016","""Especially the tradition of lining up with 9 other bros to laugh at, videorecord, and use a drunk woman as a sex t… https://t.co/Lnd95zcFzN","",""
809815430923685900,15918195,"Fri Dec 16 17:40:19 +0000 2016","@ricardo_harris Have you seen #TheHuntingGround? Get back to me when you do, please, if you really want to ask me questions to answer.","TheHuntingGround","ricardo_harris"
809786835027247100,108094234,"Fri Dec 16 15:46:41 +0000 2016","RT @rgfeal: The more I tweet about #Gophers, the more I'm reminded it's every year. Every season. #TheHuntingGround","Gophers, TheHuntingGround","rgfeal"
809786803259576300,15918195,"Fri Dec 16 15:46:33 +0000 2016","The more I tweet about #Gophers, the more I'm reminded it's every year. Every season. #TheHuntingGround","Gophers, TheHuntingGround",""
809766926352339000,29979814,"Fri Dec 16 14:27:34 +0000 2016","RT @wadeyinred: @monaeltahawy @UnaMullally @nytimes offensive material gets you kicked out but rape is acceptable? #TheHuntingGround","TheHuntingGround","wadeyinred, monaeltahawy, UnaMullally, nytimes"
809766553449271300,328551700,"Fri Dec 16 14:26:05 +0000 2016","@monaeltahawy @UnaMullally @nytimes offensive material gets you kicked out but rape is acceptable? #TheHuntingGround","TheHuntingGround","monaeltahawy, UnaMullally, nytimes"
809753226375479300,65336280,"Fri Dec 16 13:33:08 +0000 2016","@TBBuccaneers this is why I ended my Season Tix when you drafted him-I wasn't going to,indirectly,pay for this law… https://t.co/T2Aj1HkSCp","","TBBuccaneers"
809572880438743000,760498039010320400,"Fri Dec 16 01:36:30 +0000 2016","@Avon Foundation launches plan to help colleges address and prevent #SexualAssault #1in5 #TheHuntingGround #diverge\nhttps://t.co/BRTHPZOMdc","SexualAssault, 1in5, TheHuntingGround, diverge","avon"
809571682201534500,760498039010320400,"Fri Dec 16 01:31:44 +0000 2016","RT @DIVERGENOW: @avonfoundation launches plan to help colleges address and prevent #SexualAssault #1in5 #TheHuntingGround #diverge\n\nhttps:/…","SexualAssault, 1in5, TheHuntingGround, diverge","DIVERGENOW, avonfoundation"
809558823342145500,215376226,"Fri Dec 16 00:40:39 +0000 2016","I urge everyone to watch the documentary #TheHuntingGround on @netflix because it's a huge eye-opener. #sexualassault","TheHuntingGround, sexualassault","netflix"
809531824640639000,3070246663,"Thu Dec 15 22:53:22 +0000 2016","RT @thefilmfatales: We had the pleasure of seeing #TheHuntingGround with @brielarson. Women on college campuses deserve so much better! htt…","TheHuntingGround","thefilmfatales, brielarson"
809523368064155600,1012074535,"Thu Dec 15 22:19:45 +0000 2016","RT @DIVERGENOW: @avonfoundation launches plan to help colleges address and prevent #SexualAssault #1in5 #TheHuntingGround #diverge\n\nhttps:/…","SexualAssault, 1in5, TheHuntingGround, diverge","DIVERGENOW, avonfoundation"
809465492159209500,780906751705034800,"Thu Dec 15 18:29:47 +0000 2016","Now playing on MaxMusicMix Hits: Lady Gaga Til It Happens To You (Ray Rhodes Radio Edit)  #ladygaga #remix #thehuntingground","ladygaga, remix, thehuntingground",""
809333489610858500,64509585,"Thu Dec 15 09:45:15 +0000 2016","Just watched #TheHuntingGround and I feel sick. That's not right guys 😔","TheHuntingGround",""
809330666131296300,64509585,"Thu Dec 15 09:34:02 +0000 2016","RT @trayceecook: he pissed me off so much in #TheHuntingGround.... the answer is yes idiot https://t.co/EdO2f8NbQL","TheHuntingGround","trayceecook"
809271855446159400,780906751705034800,"Thu Dec 15 05:40:20 +0000 2016","Now playing on MaxMusicMix Hits: Lady Gaga Til It Happens To You (Ray Rhodes Radio Edit)  #ladygaga #remix #thehuntingground","ladygaga, remix, thehuntingground",""
809121385981177900,465958107,"Wed Dec 14 19:42:25 +0000 2016","RT @DIVERGENOW: @avonfoundation launches plan to help colleges address and prevent #SexualAssault #1in5 #TheHuntingGround #diverge\n\nhttps:/…","SexualAssault, 1in5, TheHuntingGround, diverge","DIVERGENOW, avonfoundation"
809106747742965800,337379409,"Wed Dec 14 18:44:15 +0000 2016","How do we put an end to rape culture? Be informed. Report. Report until we are taken seriously. \nWatch #TheHuntingGround","TheHuntingGround",""
809099561180561400,760498039010320400,"Wed Dec 14 18:15:42 +0000 2016","@avonfoundation launches plan to help colleges address and prevent #SexualAssault #1in5 #TheHuntingGround #diverge\n\nhttps://t.co/BRTHPZOMdc","SexualAssault, 1in5, TheHuntingGround, diverge","avonfoundation"
809082153568993300,101007109,"Wed Dec 14 17:06:32 +0000 2016","Finally watched @thehuntinground last night; @aelizabethclark thank you for everything. 💜\n#TheHuntingGround","TheHuntingGround","thehuntinground, aelizabethclark"
809070674014715900,18540336,"Wed Dec 14 16:20:55 +0000 2016","#WomensHealth #TheHuntingGround #HigherEd #CampusSafety Awesome read by Sydney Callaway on a Southern tradition... https://t.co/3mos99WOvD","WomensHealth, TheHuntingGround, HigherEd, CampusSafety",""
808955930910015500,780906751705034800,"Wed Dec 14 08:44:58 +0000 2016","Now playing on MaxMusicMix Hits: Lady Gaga Til It Happens To You (Ray Rhodes Radio Edit)  #ladygaga #remix #thehuntingground","ladygaga, remix, thehuntingground",""
808758237260484600,42075990,"Tue Dec 13 19:39:24 +0000 2016","Finally watched #TheHuntingGround and it's really hit that we've allowed a #predator the highest office, and nothing has changed. #notmyprez","TheHuntingGround, predator, notmyprez",""
808675905266663400,250806285,"Tue Dec 13 14:12:14 +0000 2016","#TheHuntingGround is a very complex documentary about sexual assaults &amp; their consequences at American colleges. I'm shocked and angry.","TheHuntingGround",""
808496859291357200,34464407,"Tue Dec 13 02:20:47 +0000 2016","RT @MelanieZeppel: #ViceChancellor introduces #RespectNowAlways program based on #TheHuntingGround. ""Mac Uni is a place of safety &amp; respect…","ViceChancellor, RespectNowAlways, TheHuntingGround","MelanieZeppel"
808493988705497100,2650587691,"Tue Dec 13 02:09:22 +0000 2016","#ViceChancellor introduces #RespectNowAlways program based on #TheHuntingGround. ""Mac Uni is a place of safety &amp; respect"" @Macquarie_Uni","ViceChancellor, RespectNowAlways, TheHuntingGround","Macquarie_Uni"
808466115647144000,16520394,"Tue Dec 13 00:18:37 +0000 2016","i watched #thehuntingground on netflix a month ago and it's still on my mind. such an eye-opening and infuriating documentary.","thehuntingground",""
808428540521746400,780906751705034800,"Mon Dec 12 21:49:18 +0000 2016","Now playing on MaxMusicMix Hits: Lady Gaga Til It Happens To You (Ray Rhodes Radio Edit)  #ladygaga #remix #thehuntingground","ladygaga, remix, thehuntingground",""
808196275069800400,2362114874,"Mon Dec 12 06:26:22 +0000 2016","#TheHuntingGround. Guy asking if you're automatically a rapist just because ""a woman says no and you have sex"" is incredibly disturbing.","TheHuntingGround",""
808110156957491200,780906751705034800,"Mon Dec 12 00:44:10 +0000 2016","Now playing on MaxMusicMix Hits: Lady Gaga Til It Happens To You (Ray Rhodes Radio Edit)  #ladygaga #remix #thehuntingground","ladygaga, remix, thehuntingground",""
808009992460714000,81347792,"Sun Dec 11 18:06:08 +0000 2016","Llevo un finde de indignación con los documentales que he visto (#AudrieAndDaisy y #TheHuntingGround) que no es normal...","AudrieAndDaisy, TheHuntingGround",""
807963515571015700,2598499209,"Sun Dec 11 15:01:28 +0000 2016","@TBBuccaneers ain't showing no love to #JameisWinston after watching #TheHuntingGround on #Netflix","JameisWinston, TheHuntingGround, Netflix","TBBuccaneers"
807898866993496000,780906751705034800,"Sun Dec 11 10:44:34 +0000 2016","Now playing on MaxMusicMix Hits: Lady Gaga Til It Happens To You (Ray Rhodes Radio Edit)  #ladygaga #remix #thehuntingground","ladygaga, remix, thehuntingground",""
807676902722904000,52936494,"Sat Dec 10 20:02:34 +0000 2016","Someone suggest that I watch this documentary called #TheHuntingGround ... and I'm getting angry","TheHuntingGround",""
807377714596417500,1372442000,"Sat Dec 10 00:13:42 +0000 2016","@emilyglen6226 just so f-ing angry though that they have had to find each other in this way #TheHuntingGround","TheHuntingGround","emilyglen6226"
807359286477291500,45019487,"Fri Dec 09 23:00:28 +0000 2016","@byAliLand Oh my word, I am watching #TheHuntingGround and keep shouting at the TV. Mind boggling and heartbreaking &amp; pure rage inducing! 😡","TheHuntingGround","byAliLand"
807258116823928800,2156798082,"Fri Dec 09 16:18:27 +0000 2016","One Year Later, a Look at Sexual Assault on Campus https://t.co/99z71rlkT9 via @TakePart #TheHuntingGround #ItsOnUs #EndCampusRape #DontRape","TheHuntingGround, ItsOnUs, EndCampusRape, DontRape","TakePart"
807156677606658000,65686663,"Fri Dec 09 09:35:22 +0000 2016","หยุดยาวไม่ต้องไปเที่ยวไหนละ นอนดูสารคดีอยู่บ้านนี่แหละ... #TheLookOfSilence #TheActOfKilling #TheHuntingGround… https://t.co/P43teid5jO","TheLookOfSilence, TheActOfKilling, TheHuntingGround",""
807078754191310800,780906751705034800,"Fri Dec 09 04:25:44 +0000 2016","Now playing on MaxMusicMix Hits: Lady Gaga Til It Happens To You (Ray Rhodes Radio Edit)  #ladygaga #remix #thehuntingground","ladygaga, remix, thehuntingground",""