"id","user.id","created_at","text","hashtags","user_mentions"
810509830901395500,3119476901,"Sun Dec 18 15:39:36 +0000 2016","RT @ddlovato: #TilItHappensToYou","TilItHappensToYou","ddlovato"
809639316737716200,618812507,"Fri Dec 16 06:00:30 +0000 2016","RT @JackScarr1: The world should know what you've done. #TilItHappensToYou #Irony #Lowlife #MyHeartStillBleeds","TilItHappensToYou, Irony, Lowlife, MyHeartStillBleeds","JackScarr1"
809634285661491200,702550219427156000,"Fri Dec 16 05:40:30 +0000 2016","El cadÃ¡ver de Anna Fritz  https://t.co/shy60xHszO  @ericeszri26cer1 #tilithappenstoyou #xvideos","tilithappenstoyou, xvideos","ericeszri26cer1"
809393833465315300,805038866952552400,"Thu Dec 15 13:45:02 +0000 2016","RT @JackScarr1: The world should know what you've done. #TilItHappensToYou #Irony #Lowlife #MyHeartStillBleeds","TilItHappensToYou, Irony, Lowlife, MyHeartStillBleeds","JackScarr1"
809392036445044700,493010023,"Thu Dec 15 13:37:53 +0000 2016","RT @JackScarr1: The world should know what you've done. #TilItHappensToYou #Irony #Lowlife #MyHeartStillBleeds","TilItHappensToYou, Irony, Lowlife, MyHeartStillBleeds","JackScarr1"
809389074184278000,759051918924582900,"Thu Dec 15 13:26:07 +0000 2016","RT @JackScarr1: The world should know what you've done. #TilItHappensToYou #Irony #Lowlife #MyHeartStillBleeds","TilItHappensToYou, Irony, Lowlife, MyHeartStillBleeds","JackScarr1"
809376408476807200,1349327058,"Thu Dec 15 12:35:47 +0000 2016","RT @JackScarr1: The world should know what you've done. #TilItHappensToYou #Irony #Lowlife #MyHeartStillBleeds","TilItHappensToYou, Irony, Lowlife, MyHeartStillBleeds","JackScarr1"
809371470191280100,1393908169,"Thu Dec 15 12:16:10 +0000 2016","RT @JackScarr1: The world should know what you've done. #TilItHappensToYou #Irony #Lowlife #MyHeartStillBleeds","TilItHappensToYou, Irony, Lowlife, MyHeartStillBleeds","JackScarr1"
809367869624635400,775266952151523300,"Thu Dec 15 12:01:52 +0000 2016","RT @JackScarr1: The world should know what you've done. #TilItHappensToYou #Irony #Lowlife #MyHeartStillBleeds","TilItHappensToYou, Irony, Lowlife, MyHeartStillBleeds","JackScarr1"
809364774119153700,2899227195,"Thu Dec 15 11:49:34 +0000 2016","RT @JackScarr1: The world should know what you've done. #TilItHappensToYou #Irony #Lowlife #MyHeartStillBleeds","TilItHappensToYou, Irony, Lowlife, MyHeartStillBleeds","JackScarr1"
809363844208480300,4379220742,"Thu Dec 15 11:45:52 +0000 2016","RT @JackScarr1: The world should know what you've done. #TilItHappensToYou #Irony #Lowlife #MyHeartStillBleeds","TilItHappensToYou, Irony, Lowlife, MyHeartStillBleeds","JackScarr1"
809357645031342100,343322188,"Thu Dec 15 11:21:14 +0000 2016","RT @JackScarr1: The world should know what you've done. #TilItHappensToYou #Irony #Lowlife #MyHeartStillBleeds","TilItHappensToYou, Irony, Lowlife, MyHeartStillBleeds","JackScarr1"
809357161449082900,772730824751980500,"Thu Dec 15 11:19:19 +0000 2016","RT @JackScarr1: The world should know what you've done. #TilItHappensToYou #Irony #Lowlife #MyHeartStillBleeds","TilItHappensToYou, Irony, Lowlife, MyHeartStillBleeds","JackScarr1"
809356924064067600,376124923,"Thu Dec 15 11:18:22 +0000 2016","RT @JackScarr1: The world should know what you've done. #TilItHappensToYou #Irony #Lowlife #MyHeartStillBleeds","TilItHappensToYou, Irony, Lowlife, MyHeartStillBleeds","JackScarr1"
809355102133882900,2757557981,"Thu Dec 15 11:11:08 +0000 2016","RT @JackScarr1: The world should know what you've done. #TilItHappensToYou #Irony #Lowlife #MyHeartStillBleeds","TilItHappensToYou, Irony, Lowlife, MyHeartStillBleeds","JackScarr1"
808962476918194200,702492536141533200,"Wed Dec 14 09:10:58 +0000 2016","Die Another Day  https://t.co/eDpsTqJgEj  @bryan_montary #tilithappenstoyou #xvideos","tilithappenstoyou, xvideos","bryan_montary"
808641953155977200,64078091,"Tue Dec 13 11:57:20 +0000 2016","you told me ""it gets better, gets better, in time"" #TilitHappensToYou #LadyGaga\nCLAAAAAAAAAAAAAAAAAAAAAAAAAAAAAAAAAARO @negroalonso","TilitHappensToYou, LadyGaga","negroalonso"
808411295477137400,702490428239556600,"Mon Dec 12 20:40:47 +0000 2016","Selma  https://t.co/CtMXXqbsZh  @Marina16021975 #tilithappenstoyou #xvideos","tilithappenstoyou, xvideos","Marina16021975"
808288392299638800,192661447,"Mon Dec 12 12:32:24 +0000 2016","Being raped isn't vain, glorious or none sense. #tilithappenstoyou https://t.co/z29SYoIFRA","tilithappenstoyou",""
807727095472328700,1031153154,"Sat Dec 10 23:22:01 +0000 2016","#tilithappenstoyou #cover #ladygaga 🎤🎙🎹 https://t.co/dix02TKQiM","tilithappenstoyou, cover, ladygaga",""
807618573073907700,702492536141533200,"Sat Dec 10 16:10:47 +0000 2016","Die Another Day  https://t.co/eDpsTqJgEj  @bryan_montary #tilithappenstoyou #xvideos","tilithappenstoyou, xvideos","bryan_montary"
807324091677962200,702550219427156000,"Fri Dec 09 20:40:37 +0000 2016","Sinister 2  https://t.co/iyP0r5ZoSB  @RealDrewJones #tilithappenstoyou #xvideos","tilithappenstoyou, xvideos",""
807281929603125200,307653065,"Fri Dec 09 17:53:05 +0000 2016","I'm just going to leave this here #TilItHappensToYou https://t.co/4FCIIdTtQs","TilItHappensToYou",""
807210909244371000,702490428239556600,"Fri Dec 09 13:10:52 +0000 2016","Die Another Day  https://t.co/C4kWiCFVFo  @bryan_montary #tilithappenstoyou #xvideos","tilithappenstoyou, xvideos","bryan_montary"
807183743505076200,250416849,"Fri Dec 09 11:22:55 +0000 2016","RT @GagaDelRey25: Lady Gaga is better :p\n#TilItHappensToYou #MillionReasons\n#DianeWarren #LadyGaga #Joanne https://t.co/f5RoEy9tCw","TilItHappensToYou, MillionReasons, DianeWarren, LadyGaga, Joanne","GagaDelRey25"
807181923428827100,250416849,"Fri Dec 09 11:15:41 +0000 2016","Lady Gaga is better :p\n#TilItHappensToYou #MillionReasons\n#DianeWarren #LadyGaga #Joanne https://t.co/f5RoEy9tCw","TilItHappensToYou, MillionReasons, DianeWarren, LadyGaga, Joanne",""
807173184411738100,702490428239556600,"Fri Dec 09 10:40:58 +0000 2016","Selma  https://t.co/CtMXXqbsZh  @Marina16021975 #tilithappenstoyou #xvideos","tilithappenstoyou, xvideos","Marina16021975"