"id","user.id","created_at","text","hashtags","user_mentions"
810575477740027900,203234459,"Sun Dec 18 20:00:28 +0000 2016","New Submission - You never do that to a woman. Groped in Notting Hill https://t.co/kMRvbEukxL #ShareYourStory #WeBelieveYou #Hollaback","ShareYourStory, WeBelieveYou, Hollaback",""
810516890489684000,203234459,"Sun Dec 18 16:07:40 +0000 2016","New Submission - Lads tried to stop me getting off tube at Bethnal Green https://t.co/jrh0g14Cjj #ShareYourStory #WeBelieveYou #Hollaback","ShareYourStory, WeBelieveYou, Hollaback",""
810459405426761700,46940715,"Sun Dec 18 12:19:14 +0000 2016","#SpreadYourWings #YouAreNotAlone #YouAreNotToBlame  #WeBelieveYou \n\nhttps://t.co/ESGIXe4Crw https://t.co/GKQyydN6Oo","SpreadYourWings, YouAreNotAlone, YouAreNotToBlame, WeBelieveYou",""
810297575576404000,493434317,"Sun Dec 18 01:36:11 +0000 2016","RT @WeBelieveYouBk: Slut-shaming is never ok. #BrutallyRefreshing #WeBelieveYou https://t.co/gWMcn6PBKX","BrutallyRefreshing, WeBelieveYou","WeBelieveYouBk"
810263647633150000,709872257657675800,"Sat Dec 17 23:21:22 +0000 2016","Happy Holidays from all of us to you. The holidays are hard, but know that our book will always be there to tell yo… https://t.co/Z0crP6ZNf4","",""
810067541976612900,2408959638,"Sat Dec 17 10:22:06 +0000 2016","East London Rape Crisis Info &amp; Support Line is open today- Saturday 17th Dec- until midday. Call us free on 0800 160 1036 #WeBelieveYou","WeBelieveYou",""
809900913112531000,25056488,"Fri Dec 16 23:19:59 +0000 2016","To @GovMarkDayton: Read this before hastily suggesting that @PrezKaler give in to BULLIES! @ItsOnUs #WeBelieveYou https://t.co/YzR1H2t35J","WeBelieveYou","GovMarkDayton, PrezKaler, ItsOnUs"
809840898452365300,187263069,"Fri Dec 16 19:21:30 +0000 2016","RT @gretchenmiron: This is rape culture. This is why so many sexual assault victims don't come forward. #WeBelieveYou https://t.co/NpWaCYSj…","WeBelieveYou","gretchenmiron"
809834978787758100,2850766605,"Fri Dec 16 18:57:59 +0000 2016","One in five college women will be sexually assaulted this year. #ItsOnUs to end sexual violence #WeBelieveYou https://t.co/SrAksc8rjU","ItsOnUs, WeBelieveYou",""
809822284869468200,212229502,"Fri Dec 16 18:07:33 +0000 2016","This is rape culture. This is why so many sexual assault victims don't come forward. #WeBelieveYou https://t.co/NpWaCYSjJg","WeBelieveYou",""
809812777791553500,2510495184,"Fri Dec 16 17:29:46 +0000 2016","#webelieveyou #ibelieveyou #courage #support #believe #disclosure #sexualassault https://t.co/cPlEBNq4uS","webelieveyou, ibelieveyou, courage, support, believe, disclosure, sexualassault",""
809802498231988200,1648550480,"Fri Dec 16 16:48:55 +0000 2016","RT @CAVAvalonEast: #WeBelieveYou #EndViolenceNL #collaboration https://t.co/YmZKl78x6M","WeBelieveYou, EndViolenceNL, collaboration","CAVAvalonEast"
809802175325044700,4211062060,"Fri Dec 16 16:47:38 +0000 2016","#WeBelieveYou #EndViolenceNL #collaboration https://t.co/YmZKl78x6M","WeBelieveYou, EndViolenceNL, collaboration",""
809766507702009900,2516702406,"Fri Dec 16 14:25:54 +0000 2016","@BridgettheBrave | If you haven't already, reach out to @endrapeoncampus They have good resources to help. Change WILL come! #WeBelieveYou 💜","WeBelieveYou","BridgettheBrave, endrapeoncampus"
809730912170688500,1191500480,"Fri Dec 16 12:04:28 +0000 2016","RT @CRASAC: If you've tried ignoring it &amp; it still pains, helpline 10-2pm: 02476277777 #webelieveyou https://t.co/crdSBfyeX6","webelieveyou","CRASAC"
809684521218084900,47615698,"Fri Dec 16 09:00:07 +0000 2016","If you've tried ignoring it &amp; it still pains, helpline 10-2pm: 02476277777 #webelieveyou https://t.co/crdSBfyeX6","webelieveyou",""
809591243411898400,721992744210550800,"Fri Dec 16 02:49:28 +0000 2016","RT @GlenfordCanning: Polls show ‘I Believe You’ campaign improving response to sexual assault survivors #Webelieveyou #believesurvivors htt…","Webelieveyou, believesurvivors","GlenfordCanning"
809562166655324200,31344647,"Fri Dec 16 00:53:56 +0000 2016","RT @Kat7600999: Good to hear Julians voice for real. He can  say it a million times. The media sucks. #WEBELIEVEYOU https://t.co/cxZPpMIT5n","WEBELIEVEYOU","Kat7600999"
809559355431342100,748330599249645600,"Fri Dec 16 00:42:45 +0000 2016","Good to hear Julians voice for real. He can  say it a million times. The media sucks. #WEBELIEVEYOU https://t.co/cxZPpMIT5n","WEBELIEVEYOU",""
809530229907746800,102382314,"Thu Dec 15 22:47:01 +0000 2016","RT @GlenfordCanning: Polls show ‘I Believe You’ campaign improving response to sexual assault survivors #Webelieveyou #believesurvivors htt…","Webelieveyou, believesurvivors","GlenfordCanning"
809447830356185100,1633984034,"Thu Dec 15 17:19:36 +0000 2016","Belief is powerful—Canadian ‘I Believe You’ campaign improves response to sexual assault survivors:https://t.co/zvRxiZFe6m #WeBelieveYou","WeBelieveYou",""
809376596192804900,809042666411331600,"Thu Dec 15 12:36:32 +0000 2016","RT @snegugu_wayne: #webelieveyou #DutSilentProtest","webelieveyou, DutSilentProtest","snegugu_wayne"
809367877677707300,6272222,"Thu Dec 15 12:01:54 +0000 2016","RT @GlenfordCanning: Polls show ‘I Believe You’ campaign improving response to sexual assault survivors #Webelieveyou #believesurvivors htt…","Webelieveyou, believesurvivors","GlenfordCanning"
809234382477111300,1217586145,"Thu Dec 15 03:11:26 +0000 2016","RT @GlenfordCanning: Polls show ‘I Believe You’ campaign improving response to sexual assault survivors #Webelieveyou #believesurvivors htt…","Webelieveyou, believesurvivors","GlenfordCanning"
809202079642386400,1377915300,"Thu Dec 15 01:03:04 +0000 2016","RT @GlenfordCanning: Polls show ‘I Believe You’ campaign improving response to sexual assault survivors #Webelieveyou #believesurvivors htt…","Webelieveyou, believesurvivors","GlenfordCanning"
809191713097056300,24824646,"Thu Dec 15 00:21:53 +0000 2016","RT @GlenfordCanning: Polls show ‘I Believe You’ campaign improving response to sexual assault survivors #Webelieveyou #believesurvivors htt…","Webelieveyou, believesurvivors","GlenfordCanning"
809170178919505900,17706784,"Wed Dec 14 22:56:18 +0000 2016","Polls show ‘I Believe You’ campaign improving response to sexual assault survivors #Webelieveyou #believesurvivors https://t.co/HuFayKGcAk","Webelieveyou, believesurvivors",""
809151866961596400,72088119,"Wed Dec 14 21:43:33 +0000 2016","RT @reprotaylor: ""51% of trans men &amp; 58% of non-binary AFAB people have experienced sexual assault in their lifetimes"" #WeBelieveYou https:…","WeBelieveYou","reprotaylor"
809138189180936200,2682774608,"Wed Dec 14 20:49:12 +0000 2016","@ladygaga you shouldn't have to do an interview to prove you were raped &amp; have PTSD.  #webelieveyou ❤️","webelieveyou","ladygaga"
809054649965748200,16951131,"Wed Dec 14 15:17:14 +0000 2016","RT @AWHL: Support, referrals, respect &amp; compassion. Call us if you need to talk #webelieveyou","webelieveyou","AWHL"
809054132132778000,2747720387,"Wed Dec 14 15:15:11 +0000 2016","RT @AWHL: Support, referrals, respect &amp; compassion. Call us if you need to talk #webelieveyou","webelieveyou","AWHL"
809050144599666700,217384633,"Wed Dec 14 14:59:20 +0000 2016","Support, referrals, respect &amp; compassion. Call us if you need to talk #webelieveyou","webelieveyou",""
809019060365197300,35286880,"Wed Dec 14 12:55:49 +0000 2016","#WeBelieveYou It's not your fault. You are not alone. https://t.co/6Rc4Cl4ieK","WeBelieveYou",""
808991138199797800,1191500480,"Wed Dec 14 11:04:52 +0000 2016","RT @CRASAC: It takes courage to have survived. Helpline: 02476277777 10-2pm #webelieveyou https://t.co/PPsHLqqA5s","webelieveyou","CRASAC"
808959740667658200,47615698,"Wed Dec 14 09:00:06 +0000 2016","It takes courage to have survived. Helpline: 02476277777 10-2pm #webelieveyou https://t.co/PPsHLqqA5s","webelieveyou",""
808823680780288000,607592185,"Tue Dec 13 23:59:27 +0000 2016","RT @joshuanmckeown: Great news! #ibelieveyou #webelieveyou https://t.co/ZxdbQLcoCF","ibelieveyou, webelieveyou","joshuanmckeown"
808774774990192600,2177361736,"Tue Dec 13 20:45:07 +0000 2016","Great news! #ibelieveyou #webelieveyou https://t.co/ZxdbQLcoCF","ibelieveyou, webelieveyou",""
808766840830890000,21194711,"Tue Dec 13 20:13:35 +0000 2016","@piersmorgan doubt #LadyGaga &amp; #Madonna need publicity, the 2 most famous popstars in the world #WeBelieveYou #RespectSurvivors #PTSD #Rape","LadyGaga, Madonna, WeBelieveYou, RespectSurvivors, PTSD, Rape","piersmorgan"
808732503011946500,276733185,"Tue Dec 13 17:57:08 +0000 2016","RT @nnedv: Download #WeBelieveYou - a coloring book for survivors: https://t.co/nZremtQlKi #SelfCare https://t.co/4uNpOmduWi","WeBelieveYou, SelfCare","nnedv"
808674519107989500,3711455415,"Tue Dec 13 14:06:44 +0000 2016","""51% of trans men &amp; 58% of non-binary AFAB people have experienced sexual assault in their lifetimes"" #WeBelieveYou https://t.co/CneADhP0Hq","WeBelieveYou",""
808607150088081400,1191500480,"Tue Dec 13 09:39:02 +0000 2016","RT @CRASAC: Even when you don't feel it, you are. Helpline 02476277777 10-2pm #webelieveyou https://t.co/irMDR0Ifhx","webelieveyou","CRASAC"
808597353292824600,47615698,"Tue Dec 13 09:00:06 +0000 2016","Even when you don't feel it, you are. Helpline 02476277777 10-2pm #webelieveyou https://t.co/irMDR0Ifhx","webelieveyou",""
808410563592200200,760579981898608600,"Mon Dec 12 20:37:52 +0000 2016","RT @endrapeoncampus: Lady Gaga spoke with a group of LGBTQ youth about struggling with PTSD after being raped at age 19. #WeBelieveYou. htt…","WeBelieveYou","endrapeoncampus"
808396222511849500,54680327,"Mon Dec 12 19:40:53 +0000 2016","Where's the rally of support for Indigenous women?  #SupportIndigenousWomen #webelieveyou https://t.co/ZkyLKVge7X","SupportIndigenousWomen, webelieveyou",""
808379953947537400,771846164064927700,"Mon Dec 12 18:36:14 +0000 2016","Stand with the Anishnabe and Cree women/girls directly affected by SV by the Sûreté du Québec. #webelieveyou\nhttps://t.co/c4A1EeXeyI","webelieveyou",""
808257933117100000,1191500480,"Mon Dec 12 10:31:22 +0000 2016","RT @CRASAC: If you'd like to know what's available in your area, Helpline today 10-2, 6-8pm: 02476277777 #webelieveyou https://t.co/Z8ICf8z…","webelieveyou","CRASAC"
808237483695730700,47615698,"Mon Dec 12 09:10:07 +0000 2016","If you'd like to know what's available in your area, Helpline today 10-2, 6-8pm: 02476277777 #webelieveyou https://t.co/Z8ICf8z09T","webelieveyou",""
808018436701954000,790694849318096900,"Sun Dec 11 18:39:42 +0000 2016","RT @nnedv: Download #WeBelieveYou - a coloring book for survivors: https://t.co/nZremtQlKi #SelfCare https://t.co/4uNpOmduWi","WeBelieveYou, SelfCare","nnedv"
807999298503843800,774153810,"Sun Dec 11 17:23:39 +0000 2016","RT @nnedv: Download #WeBelieveYou - a coloring book for survivors: https://t.co/nZremtQlKi #SelfCare https://t.co/4uNpOmduWi","WeBelieveYou, SelfCare","nnedv"
807998222299988000,2490357524,"Sun Dec 11 17:19:22 +0000 2016","RT @nnedv: Download #WeBelieveYou - a coloring book for survivors: https://t.co/nZremtQlKi #SelfCare https://t.co/4uNpOmduWi","WeBelieveYou, SelfCare","nnedv"
807995540583682000,326898912,"Sun Dec 11 17:08:43 +0000 2016","RT @nnedv: Download #WeBelieveYou - a coloring book for survivors: https://t.co/nZremtQlKi #SelfCare https://t.co/4uNpOmduWi","WeBelieveYou, SelfCare","nnedv"
807994608248586200,166168355,"Sun Dec 11 17:05:01 +0000 2016","RT @nnedv: Download #WeBelieveYou - a coloring book for survivors: https://t.co/nZremtQlKi #SelfCare https://t.co/4uNpOmduWi","WeBelieveYou, SelfCare","nnedv"
807940630680916000,208193936,"Sun Dec 11 13:30:31 +0000 2016","RT @andreactually: ""I’m not a victim,I’m a survivor.” Thank you for your bravery,@MichelleThomson. In solidarity from US,#WeBelieveYou http…","WeBelieveYou","andreactually, MichelleThomson"
807932387984363500,788438805187555300,"Sun Dec 11 12:57:46 +0000 2016","RT @andreactually: ""I’m not a victim,I’m a survivor.” Thank you for your bravery,@MichelleThomson. In solidarity from US,#WeBelieveYou http…","WeBelieveYou","andreactually, MichelleThomson"
807931225977585700,258338711,"Sun Dec 11 12:53:09 +0000 2016","""I’m not a victim,I’m a survivor.” Thank you for your bravery,@MichelleThomson. In solidarity from US,#WeBelieveYou https://t.co/y9a77bFEmT","WeBelieveYou","MichelleThomson"
807890214588940300,203234459,"Sun Dec 11 10:10:11 +0000 2016","New Submission: 'Harassed by youths in Mile End' #ShareYourStory #WeBelieveYou #London #Hollaback #MappingHarassment https://t.co/oaWd5e59S8","ShareYourStory, WeBelieveYou, London, Hollaback, MappingHarassment",""
807877018314567700,1305508286,"Sun Dec 11 09:17:45 +0000 2016","#WeBelieveYou  Let's get things started: Back in the saddle: https://t.co/fYQT4sXir5","WeBelieveYou",""
807803638991253500,767493523025211400,"Sun Dec 11 04:26:10 +0000 2016","RT @christfeminism: #PresidentTrump can #BringBackThePatriarchy\n\n#LikeAGirl, #WebelieveYou were gonna #makemeasandwich\n\nhttps://t.co/QObsC7…","PresidentTrump, BringBackThePatriarchy, LikeAGirl, WebelieveYou, makemeasandwich","christfeminism"
807509760031490000,58344109,"Sat Dec 10 08:58:24 +0000 2016","RT @aelizabethclark: I'm back signing books after the Young Women's program! #WeBelieveYou #masswomen","WeBelieveYou, masswomen","aelizabethclark"
807426555714666500,787779772235395100,"Sat Dec 10 03:27:46 +0000 2016","RT @aelizabethclark: Thank you @POTUS for saying to survivors that you have our backs, and then thank you for your action. #WeBelieveYou ht…","WeBelieveYou","aelizabethclark, POTUS"
807425437831790600,26239935,"Sat Dec 10 03:23:20 +0000 2016","RT @nnedv: Download #WeBelieveYou - a coloring book for survivors: https://t.co/nZremtQlKi #SelfCare https://t.co/4uNpOmduWi","WeBelieveYou, SelfCare","nnedv"
807411927588581400,197721320,"Sat Dec 10 02:29:39 +0000 2016","Want to become a #domesticviolence advocate in #California? Apply for our January training! More info:… https://t.co/6OsZU6ROTa","domesticviolence, California",""
807407696328687600,3546460641,"Sat Dec 10 02:12:50 +0000 2016","RT @nnedv: Download #WeBelieveYou - a coloring book for survivors: https://t.co/nZremtQlKi #SelfCare https://t.co/4uNpOmduWi","WeBelieveYou, SelfCare","nnedv"
807376002468876300,36406936,"Sat Dec 10 00:06:53 +0000 2016","@SamSamIamIam1 I challenge them to prove what they write is true. #WeBelieveYou &amp; therefore I believe @thehuntingground #donotshamesurvivors","WeBelieveYou, donotshamesurvivors","SamSamIamIam1"
807329911233015800,3882251300,"Fri Dec 09 21:03:44 +0000 2016","RT @nnedv: Download #WeBelieveYou - a coloring book for survivors: https://t.co/nZremtQlKi #SelfCare https://t.co/4uNpOmduWi","WeBelieveYou, SelfCare","nnedv"
807315281320312800,607775267,"Fri Dec 09 20:05:36 +0000 2016","RT @nnedv: Download #WeBelieveYou - a coloring book for survivors: https://t.co/nZremtQlKi #SelfCare https://t.co/4uNpOmduWi","WeBelieveYou, SelfCare","nnedv"
807283082646519800,2855614139,"Fri Dec 09 17:57:40 +0000 2016","RT @nnedv: Download #WeBelieveYou - a coloring book for survivors: https://t.co/nZremtQlKi #SelfCare https://t.co/4uNpOmduWi","WeBelieveYou, SelfCare","nnedv"
807273525396443100,120266787,"Fri Dec 09 17:19:41 +0000 2016","RT @andreactually: Want to more about #rapeculture in response to the election? Time to read up. https://t.co/EJ8ShPsJH4 #WeBelieveYou","rapeculture, WeBelieveYou","andreactually"
807271163323883500,203234459,"Fri Dec 09 17:10:18 +0000 2016","New Submission - 'Harassed in SE10' #ShareYourStory #WeBelieveYou #London #Hollaback #MappingHarassment  https://t.co/DaCbH2qAI0","ShareYourStory, WeBelieveYou, London, Hollaback, MappingHarassment",""
807265286873227300,29635975,"Fri Dec 09 16:46:57 +0000 2016","RT @nnedv: Download #WeBelieveYou - a coloring book for survivors: https://t.co/nZremtQlKi #SelfCare https://t.co/4uNpOmduWi","WeBelieveYou, SelfCare","nnedv"
807251737740537900,734823716249567200,"Fri Dec 09 15:53:06 +0000 2016","@trickssi I'm not alone. And if you're a survivor, YOU'RE not alone, your feelings are valid, and #WeBelieveYou. #CSSN","WeBelieveYou, CSSN","trickssi"
807250332321542100,146310802,"Fri Dec 09 15:47:31 +0000 2016","RT @nnedv: Download #WeBelieveYou - a coloring book for survivors: https://t.co/nZremtQlKi #SelfCare https://t.co/4uNpOmduWi","WeBelieveYou, SelfCare","nnedv"
807249086579691500,65412839,"Fri Dec 09 15:42:34 +0000 2016","RT @nnedv: Download #WeBelieveYou - a coloring book for survivors: https://t.co/nZremtQlKi #SelfCare https://t.co/4uNpOmduWi","WeBelieveYou, SelfCare","nnedv"
807238572533284900,26775616,"Fri Dec 09 15:00:48 +0000 2016","RT @nnedv: Download #WeBelieveYou - a coloring book for survivors: https://t.co/nZremtQlKi #SelfCare https://t.co/4uNpOmduWi","WeBelieveYou, SelfCare","nnedv"
807236984276189200,109617428,"Fri Dec 09 14:54:29 +0000 2016","RT @nnedv: Download #WeBelieveYou - a coloring book for survivors: https://t.co/nZremtQlKi #SelfCare https://t.co/4uNpOmduWi","WeBelieveYou, SelfCare","nnedv"
807229680067735600,1314686258,"Fri Dec 09 14:25:27 +0000 2016","RT @nnedv: Download #WeBelieveYou - a coloring book for survivors: https://t.co/nZremtQlKi #SelfCare https://t.co/4uNpOmduWi","WeBelieveYou, SelfCare","nnedv"
807215180174229500,2973132022,"Fri Dec 09 13:27:50 +0000 2016","RT @nnedv: Download #WeBelieveYou - a coloring book for survivors: https://t.co/nZremtQlKi #SelfCare https://t.co/4uNpOmduWi","WeBelieveYou, SelfCare","nnedv"
807214687414812700,4898415003,"Fri Dec 09 13:25:53 +0000 2016","RT @nnedv: Download #WeBelieveYou - a coloring book for survivors: https://t.co/nZremtQlKi #SelfCare https://t.co/4uNpOmduWi","WeBelieveYou, SelfCare","nnedv"
807207613662425100,113438003,"Fri Dec 09 12:57:46 +0000 2016","RT @nnedv: Download #WeBelieveYou - a coloring book for survivors: https://t.co/nZremtQlKi #SelfCare https://t.co/4uNpOmduWi","WeBelieveYou, SelfCare","nnedv"
807205781464633300,1917487675,"Fri Dec 09 12:50:30 +0000 2016","RT @nnedv: Download #WeBelieveYou - a coloring book for survivors: https://t.co/nZremtQlKi #SelfCare https://t.co/4uNpOmduWi","WeBelieveYou, SelfCare","nnedv"
807205412240027600,64420220,"Fri Dec 09 12:49:02 +0000 2016","Download #WeBelieveYou - a coloring book for survivors: https://t.co/nZremtQlKi #SelfCare https://t.co/4uNpOmduWi","WeBelieveYou, SelfCare",""
807196595804663800,20993640,"Fri Dec 09 12:14:00 +0000 2016","@LBC Men,If you're being abused please speak out. We know women can be violent too. You're no less of a man  #webelieveyou #domesticabuse","webelieveyou, domesticabuse","LBC"
807184300449927200,1191500480,"Fri Dec 09 11:25:08 +0000 2016","RT @CRASAC: If you want some information, Helpline today 10-2pm: 02476277777 #webelieveyou https://t.co/WymxUCoCM2","webelieveyou","CRASAC"
807149814303559700,47615698,"Fri Dec 09 09:08:06 +0000 2016","If you want some information, Helpline today 10-2pm: 02476277777 #webelieveyou https://t.co/WymxUCoCM2","webelieveyou",""
807094259585159200,36406936,"Fri Dec 09 05:27:21 +0000 2016","@OpenMindNews Time to be held accountable for the actions that have caused so much damage. #WeBelieveYou #TimeforJustice #screwthewins","WeBelieveYou, TimeforJustice, screwthewins","OpenMindNews"
807090735589691400,36406936,"Fri Dec 09 05:13:21 +0000 2016","Refusal to provide DNA to test the rape kit. Not held accountable nor punished. @nickcarter Still think he's a hero… https://t.co/EFJ2S0GhHG","","nickcarter"
807087808951111700,36406936,"Fri Dec 09 05:01:43 +0000 2016","To be labeled a victim is incorrect. Survivors are strong, will move forward &amp; thrive. #unapologetic #bestrong #iamoneofyou #WeBelieveYou","unapologetic, bestrong, iamoneofyou, WeBelieveYou",""
807087303269064700,36406936,"Fri Dec 09 04:59:42 +0000 2016","Refusing to #ownuptowhatyoudid is an act of pure cowardice, especially when you know your guilt. #webelieveyou I refuse to be silent.","ownuptowhatyoudid, webelieveyou",""