"id","user.id","created_at","text","hashtags","user_mentions"
810581503528738800,2472859730,"Sun Dec 18 20:24:24 +0000 2016","RT @ReemAlatef: آلاف الغربيات\nكتبن هنا\n#WhyWomenDontReport\nقصصهن المروعة\nإذ تعرضن للاغتصاب ولم يبلّغن\n\nلا التحرر والمساواة رفعا قيمتهن\nولا…","WhyWomenDontReport","ReemAlatef"
810238214724259800,794373017606438900,"Sat Dec 17 21:40:18 +0000 2016","He was a pastor. He was married with children. He told me God created me for him. I didn't know what sex or rape was.  #WhyWomenDontReport","WhyWomenDontReport",""
810220554208903200,2800299198,"Sat Dec 17 20:30:07 +0000 2016","RT @rosemcgowan: because it's been an open secret in Hollywood/Media &amp; they shamed me while adulating my rapist. #WhyWomenDontReport","WhyWomenDontReport","rosemcgowan"
809871964315807700,3255243725,"Fri Dec 16 21:24:57 +0000 2016","RT @annachofenley: #whywomendontreport #SurvivorsSpeak ""Piers Morgan questions Lady Gaga, Madonna's sexual assault allegations"" https://t.c…","whywomendontreport, SurvivorsSpeak","annachofenley"
809804732390719500,533253262,"Fri Dec 16 16:57:48 +0000 2016","RT @daliataboun: He is innocent until proven guilty but I am a liar until proven honest #WhyWomenDontReport","WhyWomenDontReport","daliataboun"
809804529688514600,533253262,"Fri Dec 16 16:56:59 +0000 2016","RT @endrapeoncampus: #WhyWomenDontReport: Fear of not being believed &amp; retaliation. Your experience is valid. You are worthy of belief &amp; su…","WhyWomenDontReport","endrapeoncampus"
809650414836707300,57597299,"Fri Dec 16 06:44:36 +0000 2016","When you see this in a @guardian thread about Lady Gaga's PTSD, and you are reminded once more #whywomendontreport https://t.co/896MZnFPzz","whywomendontreport","guardian"
809471166226251800,809090926782087200,"Thu Dec 15 18:52:19 +0000 2016","#WhyWomenDontReport: we have to testify in front of them. can't take the satisfactory looks from them across the room as we give the details","WhyWomenDontReport",""
809432324089606100,63054460,"Thu Dec 15 16:17:59 +0000 2016","#whywomendontreport #SurvivorsSpeak ""Piers Morgan questions Lady Gaga, Madonna's sexual assault allegations"" https://t.co/3R0pmvYh9T","whywomendontreport, SurvivorsSpeak",""
809418650323193900,872046174,"Thu Dec 15 15:23:39 +0000 2016","also why on earth would women ever report at this point? because the justice system has been so kind to survivors? #whywomendontreport","whywomendontreport",""
809343953325658100,21496817,"Thu Dec 15 10:26:50 +0000 2016","RT @TheRubyMaeMoore: How 2016 has screwed (quite literally) women: #WhyWomenDontReport words : @JessEspinX \nhttps://t.co/xQAALS2v8Y - what…","WhyWomenDontReport","TheRubyMaeMoore, JessEspinX"
809322297559568400,2846631759,"Thu Dec 15 09:00:46 +0000 2016","RT @daliataboun: He is innocent until proven guilty but I am a liar until proven honest #WhyWomenDontReport","WhyWomenDontReport","daliataboun"
809321163222564900,371824249,"Thu Dec 15 08:56:16 +0000 2016","RT @daliataboun: He is innocent until proven guilty but I am a liar until proven honest #WhyWomenDontReport","WhyWomenDontReport","daliataboun"
809264262652842000,3257407058,"Thu Dec 15 05:10:10 +0000 2016","RT @heycindy_: #WhyWomenDontReport \n""what were you wearing?"" and ""did you do anything to lead him on"" are more frequently asked than ""are y…","WhyWomenDontReport","heycindy_"
809232922775613400,4868688743,"Thu Dec 15 03:05:38 +0000 2016","RT @dawnstotlar: #Rape\n#SexualAssault\n#Madonna\n\n#PEOTUS #Rapist #SexualPredator\n#SexualAssault \n#whywomendontreport\nWe elect #Rapists to be…","Rape, SexualAssault, Madonna, PEOTUS, Rapist, SexualPredator, SexualAssault, whywomendontreport, Rapists","dawnstotlar"
809180132904607700,1952510090,"Wed Dec 14 23:35:52 +0000 2016","#Rape\n#SexualAssault\n#Madonna\n\n#PEOTUS #Rapist #SexualPredator\n#SexualAssault \n#whywomendontreport\nWe elect… https://t.co/ru0dLElpXq","Rape, SexualAssault, Madonna, PEOTUS, Rapist, SexualPredator, SexualAssault, whywomendontreport",""
809146193230123000,136412872,"Wed Dec 14 21:21:00 +0000 2016","RT @amormagazineUK: @Duplica123 @BBCWorld @BBCNews you may want to read our article on #WhyWomenDontReport words : @JessEspinX \nhttps://t.c…","WhyWomenDontReport","amormagazineUK, Duplica123, BBCWorld, BBCNews, JessEspinX"
809092013392019500,202688050,"Wed Dec 14 17:45:42 +0000 2016","Interested in Women's rights? You may want to read our article on #WhyWomenDontReport words : @jessespin_x link... https://t.co/vJ9XHFZmMT","WhyWomenDontReport",""
809090176786038800,202688050,"Wed Dec 14 17:38:24 +0000 2016","@Duplica123 @BBCWorld @BBCNews you may want to read our article on #WhyWomenDontReport words : @JessEspinX \nhttps://t.co/9aaJK4ohWF","WhyWomenDontReport","Duplica123, BBCWorld, BBCNews, JessEspinX"
809089667966570500,446318267,"Wed Dec 14 17:36:23 +0000 2016","How 2016 has screwed (quite literally) women: #WhyWomenDontReport words : @JessEspinX \nhttps://t.co/xQAALS2v8Y - what a brilliant article 🙏","WhyWomenDontReport","JessEspinX"
809081163490824200,53911371,"Wed Dec 14 17:02:36 +0000 2016","RT @misssdalton: Daisy Coleman and her family's house was burnt down when she spoke out about her sexual assault. #WhyWomenDontReport #Audr…","WhyWomenDontReport","misssdalton"
809067767890673700,2834402397,"Wed Dec 14 16:09:22 +0000 2016","RT @daliataboun: He is innocent until proven guilty but I am a liar until proven honest #WhyWomenDontReport","WhyWomenDontReport","daliataboun"
809048377845485600,106278547,"Wed Dec 14 14:52:19 +0000 2016","RT @Carallelogram9: #whywomendontreport #whyididntreport https://t.co/z4mzcvlVTy","whywomendontreport, whyididntreport","Carallelogram9"
809004955541655600,301134298,"Wed Dec 14 11:59:46 +0000 2016","#rapeculture #rapecultureiswhen #misogyny #sexism #whywomendontreport #trump https://t.co/TXZCgzrmcE","rapeculture, rapecultureiswhen, misogyny, sexism, whywomendontreport, trump",""
808991339539025900,15014652,"Wed Dec 14 11:05:40 +0000 2016","@121dealbreakers #ODSP Mississauga #startup deadline #mentalhealth stigma #Ureport #violenceagainstwomen #whywomendontreport #VAW #DV #CPTSD","ODSP, startup, mentalhealth, Ureport, violenceagainstwomen, whywomendontreport, VAW, DV, CPTSD","121dealbreakers"
808979349919727600,446318267,"Wed Dec 14 10:18:01 +0000 2016","@JessEspinX what a fantastic article. #WhyWomenDontReport ✊✊","WhyWomenDontReport","JessEspinX"
808976194305716200,136412872,"Wed Dec 14 10:05:29 +0000 2016","RT @amormagazineUK: How 2016 has screwed (quite literally) women: #WhyWomenDontReport words : @JessEspinX \nhttps://t.co/9aaJK4ohWF","WhyWomenDontReport","amormagazineUK, JessEspinX"
808968117359702000,202688050,"Wed Dec 14 09:33:23 +0000 2016","How 2016 has screwed (quite literally) women: #WhyWomenDontReport words : @JessEspinX \nhttps://t.co/9aaJK4ohWF","WhyWomenDontReport","JessEspinX"
808704344195469300,806323032549687300,"Tue Dec 13 16:05:15 +0000 2016","@UnknownImp @IMPL0RABLE you're a glaring example of #WhyWomenDontReport","WhyWomenDontReport","UnknownImp, IMPL0RABLE"
808466073385193500,316806559,"Tue Dec 13 00:18:27 +0000 2016","@AnthonyChisom thanks for following #WhyWomenDontReport ##FreedomChicks look forward to tweeting with you.","WhyWomenDontReport, FreedomChicks","AnthonyChisom"
808317915472789500,95512038,"Mon Dec 12 14:29:43 +0000 2016","#WhyWomenDontReport recently my 14 year old daughter was sexually assaulted by an adult male on her way home from the store. #WeReported","WhyWomenDontReport, WeReported",""
808308878509273100,175617395,"Mon Dec 12 13:53:48 +0000 2016","The latest Health &amp; Fitness @HEATStudios! https://t.co/wAo6ow5zAs #cardiomaxchallenge #whywomendontreport","cardiomaxchallenge, whywomendontreport","heatstudios"
808277633817399300,806450855977193500,"Mon Dec 12 11:49:39 +0000 2016","These Tweets Show Precisely #WhyWomenDontReport Sexual Assault and Harassment                                        https://t.co/HHwBZFfCvI","WhyWomenDontReport",""
808045967169589200,125086815,"Sun Dec 11 20:29:05 +0000 2016","RT @GoddessKerriLyn: #WhyWomenDontReport \nBecause money and power buy silence. Rich powerful men like Trump and their lawyers are intimidat…","WhyWomenDontReport","GoddessKerriLyn"
808021822004461600,3230238140,"Sun Dec 11 18:53:09 +0000 2016","RT @daniellefairlee: #whywomendontreport https://t.co/mPlMPvzuWm","whywomendontreport","daniellefairlee"
807979157300871200,757765406,"Sun Dec 11 16:03:37 +0000 2016","The latest Go Big Fitness! https://t.co/UQJAda4KgL #whywomendontreport","whywomendontreport",""
807975418208849900,2668164349,"Sun Dec 11 15:48:45 +0000 2016","RT @SELFmagazine: This is why women don't report sexual assault: https://t.co/nSruS2e2cW #WhyWomenDontReport https://t.co/cfJ4ZFjIH2","WhyWomenDontReport","SELFmagazine"
807961759520882700,2374450446,"Sun Dec 11 14:54:29 +0000 2016","RT @Kacey_Nicole17: #WhyWomenDontReport because they know their attacker and see them every day.","WhyWomenDontReport","Kacey_Nicole17"
807943307997364200,23798922,"Sun Dec 11 13:41:10 +0000 2016","This is why women don't report sexual assault: https://t.co/nSruS2e2cW #WhyWomenDontReport https://t.co/cfJ4ZFjIH2","WhyWomenDontReport",""
807718645044510700,1606479792,"Sat Dec 10 22:48:26 +0000 2016","RT @EmmacCameron: because a trial means reliving your assault all over again and often leaving with nothing #WhyWomenDontReport","WhyWomenDontReport","EmmacCameron"
807628777366978600,385150206,"Sat Dec 10 16:51:20 +0000 2016","#sexualassault delegitimizes the presidency. #StandYourGroundIn5Words #trump #whywomendontreport #men #women #children @TheJusticeDept","sexualassault, StandYourGroundIn5Words, trump, whywomendontreport, men, women, children","TheJusticeDept"
807496420596944900,60110630,"Sat Dec 10 08:05:23 +0000 2016","RT @AmyMek: ""Muhammad"" Is the Most Common name for a convicted gang RAPIST in England!\n\n#WhyWomenDontReport 👉Western ""Leaders"" cover up Mus…","WhyWomenDontReport","AmyMek"
807428513934479400,760357702245638100,"Sat Dec 10 03:35:33 +0000 2016","RT @AmyMek: ""Muhammad"" Is the Most Common name for a convicted gang RAPIST in England!\n\n#WhyWomenDontReport 👉Western ""Leaders"" cover up Mus…","WhyWomenDontReport","AmyMek"
807410784590381000,794603925810905100,"Sat Dec 10 02:25:06 +0000 2016","RT @AmyMek: ""Muhammad"" Is the Most Common name for a convicted gang RAPIST in England!\n\n#WhyWomenDontReport 👉Western ""Leaders"" cover up Mus…","WhyWomenDontReport","AmyMek"
807381290865610800,750668508103671800,"Sat Dec 10 00:27:54 +0000 2016","RT @AmyMek: ""Muhammad"" Is the Most Common name for a convicted gang RAPIST in England!\n\n#WhyWomenDontReport 👉Western ""Leaders"" cover up Mus…","WhyWomenDontReport","AmyMek"
807347790628130800,2597371074,"Fri Dec 09 22:14:47 +0000 2016","RT @AmyMek: ""Muhammad"" Is the Most Common name for a convicted gang RAPIST in England!\n\n#WhyWomenDontReport 👉Western ""Leaders"" cover up Mus…","WhyWomenDontReport","AmyMek"
807347472292925400,1936345304,"Fri Dec 09 22:13:31 +0000 2016","RT @AmyMek: ""Muhammad"" Is the Most Common name for a convicted gang RAPIST in England!\n\n#WhyWomenDontReport 👉Western ""Leaders"" cover up Mus…","WhyWomenDontReport","AmyMek"
807311642845413400,27900561,"Fri Dec 09 19:51:09 +0000 2016","RT @AmyMek: ""Muhammad"" Is the Most Common name for a convicted gang RAPIST in England!\n\n#WhyWomenDontReport 👉Western ""Leaders"" cover up Mus…","WhyWomenDontReport","AmyMek"
807311268654657500,414563038,"Fri Dec 09 19:49:40 +0000 2016","RT @AmyMek: ""Muhammad"" Is the Most Common name for a convicted gang RAPIST in England!\n\n#WhyWomenDontReport 👉Western ""Leaders"" cover up Mus…","WhyWomenDontReport","AmyMek"
807305902428667900,484993182,"Fri Dec 09 19:28:20 +0000 2016","RT @naaajud: #WhyWomenDontReport https://t.co/R17L8snZZa","WhyWomenDontReport","naaajud"
807286078696788000,3368077079,"Fri Dec 09 18:09:34 +0000 2016","RT @AmyMek: ""Muhammad"" Is the Most Common name for a convicted gang RAPIST in England!\n\n#WhyWomenDontReport 👉Western ""Leaders"" cover up Mus…","WhyWomenDontReport","AmyMek"
807279457891389400,796363527552454700,"Fri Dec 09 17:43:15 +0000 2016","RT @AmyMek: ""Muhammad"" Is the Most Common name for a convicted gang RAPIST in England!\n\n#WhyWomenDontReport 👉Western ""Leaders"" cover up Mus…","WhyWomenDontReport","AmyMek"
807279287514624000,1283398712,"Fri Dec 09 17:42:35 +0000 2016","RT @AmyMek: ""Muhammad"" Is the Most Common name for a convicted gang RAPIST in England!\n\n#WhyWomenDontReport 👉Western ""Leaders"" cover up Mus…","WhyWomenDontReport","AmyMek"
807279066479001600,782624583316758500,"Fri Dec 09 17:41:42 +0000 2016","RT @AmyMek: ""Muhammad"" Is the Most Common name for a convicted gang RAPIST in England!\n\n#WhyWomenDontReport 👉Western ""Leaders"" cover up Mus…","WhyWomenDontReport","AmyMek"
807278847687172100,23977238,"Fri Dec 09 17:40:50 +0000 2016","RT @AmyMek: ""Muhammad"" Is the Most Common name for a convicted gang RAPIST in England!\n\n#WhyWomenDontReport 👉Western ""Leaders"" cover up Mus…","WhyWomenDontReport","AmyMek"
807278606070091800,773655762715508700,"Fri Dec 09 17:39:52 +0000 2016","RT @AmyMek: ""Muhammad"" Is the Most Common name for a convicted gang RAPIST in England!\n\n#WhyWomenDontReport 👉Western ""Leaders"" cover up Mus…","WhyWomenDontReport","AmyMek"
807278219250507800,406289650,"Fri Dec 09 17:38:20 +0000 2016","RT @AmyMek: ""Muhammad"" Is the Most Common name for a convicted gang RAPIST in England!\n\n#WhyWomenDontReport 👉Western ""Leaders"" cover up Mus…","WhyWomenDontReport","AmyMek"
807278020008484900,3018627712,"Fri Dec 09 17:37:33 +0000 2016","RT @AmyMek: ""Muhammad"" Is the Most Common name for a convicted gang RAPIST in England!\n\n#WhyWomenDontReport 👉Western ""Leaders"" cover up Mus…","WhyWomenDontReport","AmyMek"
807277997497651200,50785229,"Fri Dec 09 17:37:27 +0000 2016","RT @AmyMek: ""Muhammad"" Is the Most Common name for a convicted gang RAPIST in England!\n\n#WhyWomenDontReport 👉Western ""Leaders"" cover up Mus…","WhyWomenDontReport","AmyMek"
807277956422922200,3261093152,"Fri Dec 09 17:37:17 +0000 2016","RT @AmyMek: ""Muhammad"" Is the Most Common name for a convicted gang RAPIST in England!\n\n#WhyWomenDontReport 👉Western ""Leaders"" cover up Mus…","WhyWomenDontReport","AmyMek"
807277902526107600,4724109715,"Fri Dec 09 17:37:05 +0000 2016","RT @AmyMek: ""Muhammad"" Is the Most Common name for a convicted gang RAPIST in England!\n\n#WhyWomenDontReport 👉Western ""Leaders"" cover up Mus…","WhyWomenDontReport","AmyMek"
807277673550639100,805092764,"Fri Dec 09 17:36:10 +0000 2016","RT @AmyMek: ""Muhammad"" Is the Most Common name for a convicted gang RAPIST in England!\n\n#WhyWomenDontReport 👉Western ""Leaders"" cover up Mus…","WhyWomenDontReport","AmyMek"
807276740473221100,4697617754,"Fri Dec 09 17:32:28 +0000 2016","RT @AmyMek: ""Muhammad"" Is the Most Common name for a convicted gang RAPIST in England!\n\n#WhyWomenDontReport 👉Western ""Leaders"" cover up Mus…","WhyWomenDontReport","AmyMek"
807276718167883800,791283304590893000,"Fri Dec 09 17:32:22 +0000 2016","RT @AmyMek: ""Muhammad"" Is the Most Common name for a convicted gang RAPIST in England!\n\n#WhyWomenDontReport 👉Western ""Leaders"" cover up Mus…","WhyWomenDontReport","AmyMek"
807276581395845100,699842109390458900,"Fri Dec 09 17:31:50 +0000 2016","RT @AmyMek: ""Muhammad"" Is the Most Common name for a convicted gang RAPIST in England!\n\n#WhyWomenDontReport 👉Western ""Leaders"" cover up Mus…","WhyWomenDontReport","AmyMek"
807276566342500400,2767680652,"Fri Dec 09 17:31:46 +0000 2016","RT @AmyMek: ""Muhammad"" Is the Most Common name for a convicted gang RAPIST in England!\n\n#WhyWomenDontReport 👉Western ""Leaders"" cover up Mus…","WhyWomenDontReport","AmyMek"
807275110243639300,1339944438,"Fri Dec 09 17:25:59 +0000 2016","RT @AmyMek: ""Muhammad"" Is the Most Common name for a convicted gang RAPIST in England!\n\n#WhyWomenDontReport 👉Western ""Leaders"" cover up Mus…","WhyWomenDontReport","AmyMek"
807273629100765200,4680344354,"Fri Dec 09 17:20:06 +0000 2016","RT @AmyMek: ""Muhammad"" Is the Most Common name for a convicted gang RAPIST in England!\n\n#WhyWomenDontReport 👉Western ""Leaders"" cover up Mus…","WhyWomenDontReport","AmyMek"
807268972722851800,372447514,"Fri Dec 09 17:01:36 +0000 2016","RT @AmyMek: ""Muhammad"" Is the Most Common name for a convicted gang RAPIST in England!\n\n#WhyWomenDontReport 👉Western ""Leaders"" cover up Mus…","WhyWomenDontReport","AmyMek"
807267997639262200,856933050,"Fri Dec 09 16:57:43 +0000 2016","RT @AmyMek: ""Muhammad"" Is the Most Common name for a convicted gang RAPIST in England!\n\n#WhyWomenDontReport 👉Western ""Leaders"" cover up Mus…","WhyWomenDontReport","AmyMek"
807267126553808900,531668387,"Fri Dec 09 16:54:15 +0000 2016","RT @AmyMek: ""Muhammad"" Is the Most Common name for a convicted gang RAPIST in England!\n\n#WhyWomenDontReport 👉Western ""Leaders"" cover up Mus…","WhyWomenDontReport","AmyMek"
807266948098756600,2864812909,"Fri Dec 09 16:53:33 +0000 2016","RT @AmyMek: ""Muhammad"" Is the Most Common name for a convicted gang RAPIST in England!\n\n#WhyWomenDontReport 👉Western ""Leaders"" cover up Mus…","WhyWomenDontReport","AmyMek"
807266715130363900,2599136157,"Fri Dec 09 16:52:37 +0000 2016","RT @AmyMek: ""Muhammad"" Is the Most Common name for a convicted gang RAPIST in England!\n\n#WhyWomenDontReport 👉Western ""Leaders"" cover up Mus…","WhyWomenDontReport","AmyMek"
807266193686011900,4492393098,"Fri Dec 09 16:50:33 +0000 2016","RT @AmyMek: ""Muhammad"" Is the Most Common name for a convicted gang RAPIST in England!\n\n#WhyWomenDontReport 👉Western ""Leaders"" cover up Mus…","WhyWomenDontReport","AmyMek"
807266120239616000,1695627048,"Fri Dec 09 16:50:16 +0000 2016","RT @AmyMek: ""Muhammad"" Is the Most Common name for a convicted gang RAPIST in England!\n\n#WhyWomenDontReport 👉Western ""Leaders"" cover up Mus…","WhyWomenDontReport","AmyMek"
807265588309618700,32452446,"Fri Dec 09 16:48:09 +0000 2016","RT @AmyMek: ""Muhammad"" Is the Most Common name for a convicted gang RAPIST in England!\n\n#WhyWomenDontReport 👉Western ""Leaders"" cover up Mus…","WhyWomenDontReport","AmyMek"
807265395748917200,744185866097025000,"Fri Dec 09 16:47:23 +0000 2016","RT @AmyMek: ""Muhammad"" Is the Most Common name for a convicted gang RAPIST in England!\n\n#WhyWomenDontReport 👉Western ""Leaders"" cover up Mus…","WhyWomenDontReport","AmyMek"
807265246599585800,575904172,"Fri Dec 09 16:46:47 +0000 2016","RT @AmyMek: ""Muhammad"" Is the Most Common name for a convicted gang RAPIST in England!\n\n#WhyWomenDontReport 👉Western ""Leaders"" cover up Mus…","WhyWomenDontReport","AmyMek"
807265006148587500,3773204536,"Fri Dec 09 16:45:50 +0000 2016","RT @AmyMek: ""Muhammad"" Is the Most Common name for a convicted gang RAPIST in England!\n\n#WhyWomenDontReport 👉Western ""Leaders"" cover up Mus…","WhyWomenDontReport","AmyMek"
807264661947220000,431269308,"Fri Dec 09 16:44:28 +0000 2016","RT @AmyMek: ""Muhammad"" Is the Most Common name for a convicted gang RAPIST in England!\n\n#WhyWomenDontReport 👉Western ""Leaders"" cover up Mus…","WhyWomenDontReport","AmyMek"
807264437044248600,33611715,"Fri Dec 09 16:43:34 +0000 2016","RT @AmyMek: ""Muhammad"" Is the Most Common name for a convicted gang RAPIST in England!\n\n#WhyWomenDontReport 👉Western ""Leaders"" cover up Mus…","WhyWomenDontReport","AmyMek"
807263565799428100,111054675,"Fri Dec 09 16:40:06 +0000 2016","RT @AmyMek: ""Muhammad"" Is the Most Common name for a convicted gang RAPIST in England!\n\n#WhyWomenDontReport 👉Western ""Leaders"" cover up Mus…","WhyWomenDontReport","AmyMek"
807262209067786200,705490933245149200,"Fri Dec 09 16:34:43 +0000 2016","RT @AmyMek: ""Muhammad"" Is the Most Common name for a convicted gang RAPIST in England!\n\n#WhyWomenDontReport 👉Western ""Leaders"" cover up Mus…","WhyWomenDontReport","AmyMek"
807261687711723500,21680436,"Fri Dec 09 16:32:39 +0000 2016","RT @AmyMek: ""Muhammad"" Is the Most Common name for a convicted gang RAPIST in England!\n\n#WhyWomenDontReport 👉Western ""Leaders"" cover up Mus…","WhyWomenDontReport","AmyMek"
807260954358485000,18011418,"Fri Dec 09 16:29:44 +0000 2016","RT @AmyMek: ""Muhammad"" Is the Most Common name for a convicted gang RAPIST in England!\n\n#WhyWomenDontReport 👉Western ""Leaders"" cover up Mus…","WhyWomenDontReport","AmyMek"
807208917159714800,2910124069,"Fri Dec 09 13:02:57 +0000 2016","RT @4Real_P0litik: #WhyWomenDontReport Native American &amp;Alaska Native women are 2.5x more likely than the general U.S.female pop. to experi…","WhyWomenDontReport","4Real_P0litik"
807208621956329500,36234709,"Fri Dec 09 13:01:47 +0000 2016","RT @4Real_P0litik: #WhyWomenDontReport Native American &amp;Alaska Native women are 2.5x more likely than the general U.S.female pop. to experi…","WhyWomenDontReport","4Real_P0litik"
807172633586499600,799724965952008200,"Fri Dec 09 10:38:47 +0000 2016","RT @eric_adelson: Front page of @pbpost. ""We are in fear of our lives."" #whywomendontreport https://t.co/P8x5exd8kd","whywomendontreport","eric_adelson, pbpost"
807096604918353900,316806559,"Fri Dec 09 05:36:40 +0000 2016","@HarryConnickJR Hey there, check out  the hashtag I created  shared over 4.5 million times See why women r speaking out #WhyWomenDontReport","WhyWomenDontReport","HarryConnickJR"