"id","user.id","created_at","text","hashtags","user_mentions"
810422008857161700,14666643,"Sun Dec 18 09:50:38 +0000 2016","Check out ""#WhyIStayed"" by Olivia Thai - https://t.co/BbtogwknIm #OliviaThai Subscribe&gt;","WhyIStayed, OliviaThai",""
810305414206263300,34065444,"Sun Dec 18 02:07:20 +0000 2016","RT @DonnaVigneri: #whyistayed because I was being controlled #whyileft because I finally saw a bad future for us and knew I had to change it","whyistayed, whyileft","DonnaVigneri"
810304255596888000,1465549274,"Sun Dec 18 02:02:43 +0000 2016","RT @DonnaVigneri: #whyistayed because I was being controlled #whyileft because I finally saw a bad future for us and knew I had to change it","whyistayed, whyileft","DonnaVigneri"
810304210386481200,34065444,"Sun Dec 18 02:02:33 +0000 2016","RT @destinblue: #WhyIStayed I knew he would make my life hell if I left \n#WhyILeft My kids and I already were living with the devil \n#Domes…","WhyIStayed, WhyILeft","destinblue"
810304164727259100,1465549274,"Sun Dec 18 02:02:22 +0000 2016","RT @destinblue: #WhyIStayed I knew he would make my life hell if I left \n#WhyILeft My kids and I already were living with the devil \n#Domes…","WhyIStayed, WhyILeft","destinblue"
810294744756654100,255221632,"Sun Dec 18 01:24:56 +0000 2016","RT @destinblue: #WhyIStayed I knew he would make my life hell if I left \n#WhyILeft My kids and I already were living with the devil \n#Domes…","WhyIStayed, WhyILeft","destinblue"
810294466124902400,255221632,"Sun Dec 18 01:23:49 +0000 2016","RT @DonnaVigneri: #whyistayed because I was being controlled #whyileft because I finally saw a bad future for us and knew I had to change it","whyistayed, whyileft","DonnaVigneri"
810291268035235800,712380585864536000,"Sun Dec 18 01:11:07 +0000 2016","RT @KamikazeeKitten: He made me feel like a superhero for being there/helping/understanding him; for forgiving the abuse. #WhyIStayed","WhyIStayed","KamikazeeKitten"
810290487269716000,255221632,"Sun Dec 18 01:08:01 +0000 2016","RT @KamikazeeKitten: He made me feel like a superhero for being there/helping/understanding him; for forgiving the abuse. #WhyIStayed","WhyIStayed","KamikazeeKitten"
810247055515983900,14666643,"Sat Dec 17 22:15:26 +0000 2016","Check out ""#WhyIStayed"" by Olivia Thai - https://t.co/BbtogwknIm Subscribe here&gt;&gt;&gt;#OliviaThai https://t.co/94iEM8uTlS (Subscribe &amp; Support)","WhyIStayed, OliviaThai",""
809839903790026800,265115356,"Fri Dec 16 19:17:33 +0000 2016","RT @NoNameDVWarrior: #whyistayed #whyileft https://t.co/ed3Dyp4eaZ","whyistayed, whyileft","NoNameDVWarrior"
809776476719452200,99379216,"Fri Dec 16 15:05:31 +0000 2016","RT @DivANarcBlog: https://t.co/eY5rULxXhG Its hard 2 leave #whyistayed #narcissisticabuse #domesticviolence #maybehedoesnthityou #lovedoesn…","whyistayed, narcissisticabuse, domesticviolence, maybehedoesnthityou","DivANarcBlog"
809776272071082000,747420988518760400,"Fri Dec 16 15:04:42 +0000 2016","https://t.co/eY5rULxXhG Its hard 2 leave #whyistayed #narcissisticabuse #domesticviolence #maybehedoesnthityou… https://t.co/4C7zcpa0RK","whyistayed, narcissisticabuse, domesticviolence, maybehedoesnthityou",""
809767259459690500,182055131,"Fri Dec 16 14:28:54 +0000 2016","Holy smokes! So scary true! \n#WhyIStayed #WhyILeft https://t.co/2tuMKvwodR","WhyIStayed, WhyILeft",""
809669179024560100,763096259783749600,"Fri Dec 16 07:59:09 +0000 2016","#whyistayed #whyileft https://t.co/ed3Dyp4eaZ","whyistayed, whyileft",""
809640833976631300,808000544656805900,"Fri Dec 16 06:06:31 +0000 2016","RT @DonnaVigneri: #whyistayed because I was being controlled #whyileft because I finally saw a bad future for us and knew I had to change it","whyistayed, whyileft","DonnaVigneri"
809640604577697800,808000544656805900,"Fri Dec 16 06:05:37 +0000 2016","RT @BevJohnst: @DivANarcBlog @joujoubateekh Because he made you believe you were worthless #WhyIStayed","WhyIStayed","BevJohnst, DivANarcBlog, joujoubateekh"
809640024413237200,808000544656805900,"Fri Dec 16 06:03:18 +0000 2016","RT @2Zab: Trying to demonstrate what honesty and integrity look like, hoping he'll ""get it"" some day. He won't. #WhyIStayed #MaybeHeDoesntH…","WhyIStayed","2Zab"
809572290279120900,885780523,"Fri Dec 16 01:34:09 +0000 2016","#WhyIStayed To make in America on time before The Great Wall of Trump come","WhyIStayed",""
808993711136866300,737313700109910000,"Wed Dec 14 11:15:05 +0000 2016","@NoNameDVWarrior @HadiaTajik @nytimes I went back to protect my kids.  #WhyIStayed","WhyIStayed","NoNameDVWarrior, HadiaTajik, nytimes"
808942299455459300,490176537,"Wed Dec 14 07:50:48 +0000 2016","RT @hotoynoodle: @IamMarcusBlack go look for the #WhyIStayed thread &amp; open your mansplaining eyes abt other people's reality.","WhyIStayed","hotoynoodle, IamMarcusBlack"
808773816394645500,808345001931472900,"Tue Dec 13 20:41:18 +0000 2016","2/2 No. No, he didn't. He loved me so hard, made me believe it was all my fault. I love him, so I believed him. #WhyIStayed #SPNFamily #AKF","WhyIStayed, SPNFamily, AKF",""
808773144249036800,26237014,"Tue Dec 13 20:38:38 +0000 2016","RT @DivANarcBlog: Amber Heard writes to #silentsisters everywhere #domesticviolence #Maybehedoesnthityou #whyistayed #lovedoesnthurt https:…","silentsisters, domesticviolence, Maybehedoesnthityou, whyistayed, lovedoesnthurt","DivANarcBlog"
808773046802808800,26237014,"Tue Dec 13 20:38:15 +0000 2016","RT @DivANarcBlog: Amber Heard Speaks Up #domesticviolence #abuse #whyistayed #whyileft  https://t.co/M3y2nCXBdw via @YouTube","domesticviolence, abuse, whyistayed, whyileft","DivANarcBlog, YouTube"
808768433357779000,804804685894979600,"Tue Dec 13 20:19:55 +0000 2016","RT @DivANarcBlog: My Sister Didn't Get Out of Her Marriage Alive #domesticviolence #abuse #whyistayed https://t.co/VePlHY2WUC","domesticviolence, abuse, whyistayed","DivANarcBlog"
808768083712233500,747420988518760400,"Tue Dec 13 20:18:31 +0000 2016","know that u are not alone, all of ur #silentsisters are with u! https://t.co/gOEfaGOgS3 #whyileft #whyistayed #lovedoesnthurt #thatsnotlove","silentsisters, whyileft, whyistayed, lovedoesnthurt, thatsnotlove",""
808764659536957400,787437243241640000,"Tue Dec 13 20:04:55 +0000 2016","RT @DivANarcBlog: Amber Heard Speaks Up #domesticviolence #abuse #whyistayed #whyileft  https://t.co/M3y2nCXBdw via @YouTube","domesticviolence, abuse, whyistayed, whyileft","DivANarcBlog, YouTube"
808762454251630600,747420988518760400,"Tue Dec 13 19:56:09 +0000 2016","Amber Heard writes to #silentsisters everywhere #domesticviolence #Maybehedoesnthityou #whyistayed #lovedoesnthurt https://t.co/Gbjmf8CdHF","silentsisters, domesticviolence, Maybehedoesnthityou, whyistayed, lovedoesnthurt",""
808762182963961900,747420988518760400,"Tue Dec 13 19:55:05 +0000 2016","Amber Heard Speaks Up #domesticviolence #abuse #whyistayed #whyileft  https://t.co/M3y2nCXBdw via @YouTube","domesticviolence, abuse, whyistayed, whyileft","YouTube"
808762111220478000,2207094126,"Tue Dec 13 19:54:48 +0000 2016","RT @DivANarcBlog: My Sister Didn't Get Out of Her Marriage Alive #domesticviolence #abuse #whyistayed https://t.co/VePlHY2WUC","domesticviolence, abuse, whyistayed","DivANarcBlog"
808759452040130600,747420988518760400,"Tue Dec 13 19:44:14 +0000 2016","My Sister Didn't Get Out of Her Marriage Alive #domesticviolence #abuse #whyistayed https://t.co/VePlHY2WUC","domesticviolence, abuse, whyistayed",""
808754992462975000,99379216,"Tue Dec 13 19:26:30 +0000 2016","RT @DivANarcBlog: #whyistayed #emotionalabuse #narcissisticabuse #leaving https://t.co/zH9aCnCtxz","whyistayed, emotionalabuse, narcissisticabuse, leaving","DivANarcBlog"
808754072970899500,99379216,"Tue Dec 13 19:22:51 +0000 2016","RT @DivANarcBlog: https://t.co/zH9aCnCtxz #whyistayed #maybehedoesnthityou #thatsnotlove #lovedoesnthurt #narcissisticabuse #emotionalabuse…","whyistayed, maybehedoesnthityou, thatsnotlove, lovedoesnthurt, narcissisticabuse, emotionalabuse","DivANarcBlog"
808753175553396700,99379216,"Tue Dec 13 19:19:17 +0000 2016","RT @TakeCourageMom: On average, abuse occurs for 3 years after she leaves #WhyIStayed #DV https://t.co/TqXD4pJgr6","WhyIStayed, DV","TakeCourageMom"
808749514983030800,99379216,"Tue Dec 13 19:04:44 +0000 2016","RT @miemiiiek: #WhyIStayed \n#rapecultureiswhen #YesAllWomen \n考えなければならないこと多すぎて頭パンクする https://t.co/4nuW1HofUC","WhyIStayed, rapecultureiswhen, YesAllWomen","miemiiiek"
808748345220952000,99379216,"Tue Dec 13 19:00:05 +0000 2016","Dear America, you might want to start educating yourself about #abusiverelationships #WhyIStayed \n\n#trumpregret \n\nhttps://t.co/n28tFjVftL","abusiverelationships, WhyIStayed, trumpregret",""
808696803474423800,4919884324,"Tue Dec 13 15:35:17 +0000 2016","RT @loveisrespect: Leaving an abusive relationship is difficult &amp; even dangerous. Here are reasons why:https://t.co/owfaL98FZs #WhyIStayed","WhyIStayed","loveisrespect"
808656390256345100,2804470384,"Tue Dec 13 12:54:42 +0000 2016","#Labour fail to commit to anti- #domesticabuse bill, despite rhetoric from Mr Corbyn.\n\nhttps://t.co/IVeePj7Oyy\n#WhyIStayed #domesticviolence","Labour, domesticabuse, WhyIStayed, domesticviolence",""
808563762122911700,75793726,"Tue Dec 13 06:46:37 +0000 2016","RT @KamikazeeKitten: .@MandyMorbid ""You should be grateful that I love you. Who else would put up with you?"" #WhyIStayed","WhyIStayed","KamikazeeKitten, MandyMorbid"
808543669141704700,21177855,"Tue Dec 13 05:26:47 +0000 2016","RT @KamikazeeKitten: .@MandyMorbid ""You should be grateful that I love you. Who else would put up with you?"" #WhyIStayed","WhyIStayed","KamikazeeKitten, MandyMorbid"
808543281261015000,479841204,"Tue Dec 13 05:25:14 +0000 2016",".@MandyMorbid ""You should be grateful that I love you. Who else would put up with you?"" #WhyIStayed","WhyIStayed","MandyMorbid"
808519306405355500,255194862,"Tue Dec 13 03:49:58 +0000 2016","RT @RadicalBodyLove: ""I am telling you now because the violence needs to stop."" #WhyIStayed #TheBarriersWeFace https://t.co/F2Hj2UQNAp http…","WhyIStayed, TheBarriersWeFace","RadicalBodyLove"
808517200864837600,89115813,"Tue Dec 13 03:41:36 +0000 2016","RT @RadicalBodyLove: ""I am telling you now because the violence needs to stop."" #WhyIStayed #TheBarriersWeFace https://t.co/F2Hj2UQNAp http…","WhyIStayed, TheBarriersWeFace","RadicalBodyLove"
808516880017158100,95398415,"Tue Dec 13 03:40:20 +0000 2016","RT @RadicalBodyLove: ""I am telling you now because the violence needs to stop."" #WhyIStayed #TheBarriersWeFace https://t.co/F2Hj2UQNAp http…","WhyIStayed, TheBarriersWeFace","RadicalBodyLove"
808514708210860000,75793726,"Tue Dec 13 03:31:42 +0000 2016","RT @RadicalBodyLove: ""I am telling you now because the violence needs to stop."" #WhyIStayed #TheBarriersWeFace https://t.co/F2Hj2UQNAp http…","WhyIStayed, TheBarriersWeFace","RadicalBodyLove"
808514041266241500,75793726,"Tue Dec 13 03:29:03 +0000 2016","RT @KamikazeeKitten: He made me feel like a superhero for being there/helping/understanding him; for forgiving the abuse. #WhyIStayed","WhyIStayed","KamikazeeKitten"
808512262159876100,33868345,"Tue Dec 13 03:21:59 +0000 2016","RT @KamikazeeKitten: He made me feel like a superhero for being there/helping/understanding him; for forgiving the abuse. #WhyIStayed","WhyIStayed","KamikazeeKitten"
808510781184610300,21177855,"Tue Dec 13 03:16:06 +0000 2016","RT @KamikazeeKitten: He made me feel like a superhero for being there/helping/understanding him; for forgiving the abuse. #WhyIStayed","WhyIStayed","KamikazeeKitten"
808506843475624000,479841204,"Tue Dec 13 03:00:27 +0000 2016","He made me feel like a superhero for being there/helping/understanding him; for forgiving the abuse. #WhyIStayed","WhyIStayed",""
808434181026054100,14720708,"Mon Dec 12 22:11:43 +0000 2016","@kat_blaque I'm ready for a revival of #WhyIStayed and #WhenILeft","WhyIStayed, WhenILeft","kat_blaque"
808401370684518400,489750198,"Mon Dec 12 20:01:20 +0000 2016","@IamMarcusBlack @AzieDee @1redsquirrel Already suggested: read the #WhyIStayed thread. Start trusting women and stop gas-lighting us.","WhyIStayed","IamMarcusBlack, AzieDee, 1redsquirrel"
808400049306636300,99379216,"Mon Dec 12 19:56:05 +0000 2016","RT @lundy_bancroft: #WhyIStayed My new book for women on growing secretly strong if your partner tears you down. ""Daily Wisdom"" Info at htt…","WhyIStayed","lundy_bancroft"
808330829239898100,3298917183,"Mon Dec 12 15:21:02 +0000 2016","RT @121dealbreakers: Why does she stay? #whyileft #whyistayed #maybehedoesnthityou #thatsnotlove #dV #VAW #Toronto #NOMORE #trauma #heal ht…","whyileft, whyistayed, maybehedoesnthityou, thatsnotlove, dV, VAW, Toronto, NOMORE, trauma, heal","121dealbreakers"
808325034750185500,157881590,"Mon Dec 12 14:58:00 +0000 2016","RT @pants_so_short: And if you need some understanding look at #WhyIStayed.","WhyIStayed","pants_so_short"
808322307311759400,747420988518760400,"Mon Dec 12 14:47:10 +0000 2016","RT @CHASINYC: Leaving an abusive relationship is hard...here are some reasons people stay: #WhyIStayed https://t.co/k1tBLH9iBC","WhyIStayed","CHASINYC"
808318754186784800,2273581012,"Mon Dec 12 14:33:03 +0000 2016","@IamMarcusBlack go look for the #WhyIStayed thread &amp; open your mansplaining eyes abt other people's reality.","WhyIStayed","IamMarcusBlack"
808310562740404200,730750614477541400,"Mon Dec 12 14:00:30 +0000 2016","And if you need some understanding look at #WhyIStayed.","WhyIStayed",""
808259665398145000,1491372912,"Mon Dec 12 10:38:15 +0000 2016","69: #WhyIStayed https://t.co/GrdazcEHgr #WWMPOD, #Podcast","WhyIStayed, WWMPOD, Podcast",""
808090278682914800,114363736,"Sun Dec 11 23:25:10 +0000 2016","#WhyIStayed","WhyIStayed",""
807737260338724900,37971158,"Sun Dec 11 00:02:24 +0000 2016","Not having somewhere safe for my pets was #whyistayed in an abusive relationship. Then he started to threaten them.… https://t.co/kNUGN75Qkp","whyistayed",""
807671055749943300,1202633916,"Sat Dec 10 19:39:20 +0000 2016","I don't know #whyistayed with my ex after she beat me, molested me and emotionally tortured me. Now I'm free married and in love!","whyistayed",""
807525428751638500,3351530234,"Sat Dec 10 10:00:39 +0000 2016","DeadFresh vs. the Advice of Ray Rice https://t.co/edLAqA1xJi #whyistayed https://t.co/ioW3rZXRVs","whyistayed",""
807365480080179200,4919884324,"Fri Dec 09 23:25:05 +0000 2016","RT @loveisrespect: Leaving an abusive relationship can be hard, even dangerous. Here are reasons why: https://t.co/owfaL98FZs #WhyIStayed","WhyIStayed","loveisrespect"
807327153520083000,1117702844,"Fri Dec 09 20:52:47 +0000 2016","RT @jlinabary: Help improve advocacy around intimate partner violence. Share your thoughts &amp; experiences w/ #WhyIStayed @NCADV @NSVRC @NOMO…","WhyIStayed","jlinabary, NCADV, NSVRC"
807320332310712300,741826371664515100,"Fri Dec 09 20:25:41 +0000 2016","RT @MaybeHit: #whyistayed because he always told me no body else would want me the way he did.","whyistayed","MaybeHit"
807292855102435300,735819623602475000,"Fri Dec 09 18:36:30 +0000 2016","Leaving an abusive relationship is hard...here are some reasons people stay: #WhyIStayed https://t.co/k1tBLH9iBC","WhyIStayed",""
807289965960892400,8877332,"Fri Dec 09 18:25:01 +0000 2016","Leaving an abusive relationship can be difficult or even dangerous. Here are a few reasons why: https://t.co/EEcu5DBv5x #WhyIStayed","WhyIStayed",""
807251321061539800,747420988518760400,"Fri Dec 09 15:51:27 +0000 2016","RT @Kyriarchsmasher: #WhyIStayed #WhyILeft #domesticabuse #AbuseIsNotLove #VictimsOfAbuse #EmotionalAbuse #PhysicalAbuse https://t.co/laFyk…","WhyIStayed, WhyILeft, domesticabuse, AbuseIsNotLove, VictimsOfAbuse, EmotionalAbuse, PhysicalAbuse","Kyriarchsmasher"
807247454470975500,507551172,"Fri Dec 09 15:36:05 +0000 2016","#WhyIStayed \n#rapecultureiswhen #YesAllWomen \n考えなければならないこと多すぎて頭パンクする https://t.co/4nuW1HofUC","WhyIStayed, rapecultureiswhen, YesAllWomen",""
807185720267931600,3248035749,"Fri Dec 09 11:30:47 +0000 2016","DomesticAbuse can also be emotional bullying. A woman tells why she ""didn't just leave""  https://t.co/TIpZPRjdDm #EmotionalAbuse #WhyIStayed","EmotionalAbuse, WhyIStayed",""
807145572624834600,3220989962,"Fri Dec 09 08:51:15 +0000 2016","RT @MaybeHit: #whyistayed because he always told me no body else would want me the way he did.","whyistayed","MaybeHit"